route_id,route_name,line,station_order,station_name,minutes_from_previous_stop,cumulative_minutes_from_start,is_interchange_note
R01,Chennai Beach to Velachery,MRTS,1,Chennai Beach,0,0,Interchange/major terminal
R01,Chennai Beach to Velachery,MRTS,2,Chennai Fort,4,4,Interchange/major terminal
R01,Chennai Beach to Velachery,MRTS,3,Park Town,3,7,
R01,Chennai Beach to Velachery,MRTS,4,Chintadripet,3,10,
R01,Chennai Beach to Velachery,MRTS,5,Chepauk,3,13,
R01,Chennai Beach to Velachery,MRTS,6,Thiruvallikeni,3,16,
R01,Chennai Beach to Velachery,MRTS,7,Light House,3,19,
R01,Chennai Beach to Velachery,MRTS,8,Mundakakanni Amman Koil,3,22,
R01,Chennai Beach to Velachery,MRTS,9,Thirumayilai,3,25,
R01,Chennai Beach to Velachery,MRTS,10,Mandaveli,3,28,
R01,Chennai Beach to Velachery,MRTS,11,Greenways Road,3,31,
R01,Chennai Beach to Velachery,MRTS,12,Kotturpuram,3,34,
R01,Chennai Beach to Velachery,MRTS,13,Kasturba Nagar,3,37,
R01,Chennai Beach to Velachery,MRTS,14,Indira Nagar,3,40,
R01,Chennai Beach to Velachery,MRTS,15,Thiruvanmiyur,4,44,
R01,Chennai Beach to Velachery,MRTS,16,Taramani,4,48,
R01,Chennai Beach to Velachery,MRTS,17,Perungudi,4,52,
R01,Chennai Beach to Velachery,MRTS,18,Velachery,5,57,Interchange/major terminal
R02,Velachery to Chennai Beach,MRTS,1,Velachery,0,0,Interchange/major terminal
R02,Velachery to Chennai Beach,MRTS,2,Perungudi,5,5,
R02,Velachery to Chennai Beach,MRTS,3,Taramani,4,9,
R02,Velachery to Chennai Beach,MRTS,4,Thiruvanmiyur,4,13,
R02,Velachery to Chennai Beach,MRTS,5,Indira Nagar,4,17,
R02,Velachery to Chennai Beach,MRTS,6,Kasturba Nagar,3,20,
R02,Velachery to Chennai Beach,MRTS,7,Kotturpuram,3,23,
R02,Velachery to Chennai Beach,MRTS,8,Greenways Road,3,26,
R02,Velachery to Chennai Beach,MRTS,9,Mandaveli,3,29,
R02,Velachery to Chennai Beach,MRTS,10,Thirumayilai,3,32,
R02,Velachery to Chennai Beach,MRTS,11,Mundakakanni Amman Koil,3,35,
R02,Velachery to Chennai Beach,MRTS,12,Light House,3,38,
R02,Velachery to Chennai Beach,MRTS,13,Thiruvallikeni,3,41,
R02,Velachery to Chennai Beach,MRTS,14,Chepauk,3,44,
R02,Velachery to Chennai Beach,MRTS,15,Chintadripet,3,47,
R02,Velachery to Chennai Beach,MRTS,16,Park Town,3,50,
R02,Velachery to Chennai Beach,MRTS,17,Chennai Fort,3,53,Interchange/major terminal
R02,Velachery to Chennai Beach,MRTS,18,Chennai Beach,4,57,Interchange/major terminal
R03,Chennai Beach to Tambaram,South Line,1,Chennai Beach,0,0,Interchange/major terminal
R03,Chennai Beach to Tambaram,South Line,2,Chennai Fort,4,4,Interchange/major terminal
R03,Chennai Beach to Tambaram,South Line,3,Chennai Park,3,7,Interchange/major terminal
R03,Chennai Beach to Tambaram,South Line,4,Chennai Egmore,3,10,
R03,Chennai Beach to Tambaram,South Line,5,Chetpet,3,13,
R03,Chennai Beach to Tambaram,South Line,6,Nungambakkam,3,16,
R03,Chennai Beach to Tambaram,South Line,7,Kodambakkam,3,19,
R03,Chennai Beach to Tambaram,South Line,8,Mambalam,3,22,
R03,Chennai Beach to Tambaram,South Line,9,Saidapet,3,25,
R03,Chennai Beach to Tambaram,South Line,10,Guindy,4,29,
R03,Chennai Beach to Tambaram,South Line,11,St Thomas Mount,4,33,
R03,Chennai Beach to Tambaram,South Line,12,Pazhavanthangal,3,36,
R03,Chennai Beach to Tambaram,South Line,13,Meenambakkam,2,38,
R03,Chennai Beach to Tambaram,South Line,14,Tirusulam,2,40,
R03,Chennai Beach to Tambaram,South Line,15,Pallavaram,4,44,
R03,Chennai Beach to Tambaram,South Line,16,Chromepet,3,47,
R03,Chennai Beach to Tambaram,South Line,17,Tambaram Sanatorium,4,51,
R03,Chennai Beach to Tambaram,South Line,18,Tambaram,3,54,Interchange/major terminal
R04,Tambaram to Chennai Beach,South Line,1,Tambaram,0,0,Interchange/major terminal
R04,Tambaram to Chennai Beach,South Line,2,Tambaram Sanatorium,3,3,
R04,Tambaram to Chennai Beach,South Line,3,Chromepet,4,7,
R04,Tambaram to Chennai Beach,South Line,4,Pallavaram,3,10,
R04,Tambaram to Chennai Beach,South Line,5,Tirusulam,4,14,
R04,Tambaram to Chennai Beach,South Line,6,Meenambakkam,2,16,
R04,Tambaram to Chennai Beach,South Line,7,Pazhavanthangal,2,18,
R04,Tambaram to Chennai Beach,South Line,8,St Thomas Mount,3,21,
R04,Tambaram to Chennai Beach,South Line,9,Guindy,4,25,
R04,Tambaram to Chennai Beach,South Line,10,Saidapet,4,29,
R04,Tambaram to Chennai Beach,South Line,11,Mambalam,3,32,
R04,Tambaram to Chennai Beach,South Line,12,Kodambakkam,3,35,
R04,Tambaram to Chennai Beach,South Line,13,Nungambakkam,3,38,
R04,Tambaram to Chennai Beach,South Line,14,Chetpet,3,41,
R04,Tambaram to Chennai Beach,South Line,15,Chennai Egmore,3,44,
R04,Tambaram to Chennai Beach,South Line,16,Chennai Park,3,47,Interchange/major terminal
R04,Tambaram to Chennai Beach,South Line,17,Chennai Fort,3,50,Interchange/major terminal
R04,Tambaram to Chennai Beach,South Line,18,Chennai Beach,4,54,Interchange/major terminal
R05,Chennai Beach to Chengalpattu,South Line,1,Chennai Beach,0,0,Interchange/major terminal
R05,Chennai Beach to Chengalpattu,South Line,2,Chennai Fort,4,4,Interchange/major terminal
R05,Chennai Beach to Chengalpattu,South Line,3,Chennai Park,3,7,Interchange/major terminal
R05,Chennai Beach to Chengalpattu,South Line,4,Chennai Egmore,3,10,
R05,Chennai Beach to Chengalpattu,South Line,5,Chetpet,3,13,
R05,Chennai Beach to Chengalpattu,South Line,6,Nungambakkam,3,16,
R05,Chennai Beach to Chengalpattu,South Line,7,Kodambakkam,3,19,
R05,Chennai Beach to Chengalpattu,South Line,8,Mambalam,3,22,
R05,Chennai Beach to Chengalpattu,South Line,9,Saidapet,3,25,
R05,Chennai Beach to Chengalpattu,South Line,10,Guindy,4,29,
R05,Chennai Beach to Chengalpattu,South Line,11,St Thomas Mount,4,33,
R05,Chennai Beach to Chengalpattu,South Line,12,Pazhavanthangal,3,36,
R05,Chennai Beach to Chengalpattu,South Line,13,Meenambakkam,2,38,
R05,Chennai Beach to Chengalpattu,South Line,14,Tirusulam,2,40,
R05,Chennai Beach to Chengalpattu,South Line,15,Pallavaram,4,44,
R05,Chennai Beach to Chengalpattu,South Line,16,Chromepet,3,47,
R05,Chennai Beach to Chengalpattu,South Line,17,Tambaram Sanatorium,4,51,
R05,Chennai Beach to Chengalpattu,South Line,18,Tambaram,3,54,Interchange/major terminal
R05,Chennai Beach to Chengalpattu,South Line,19,Perungalathur,5,59,
R05,Chennai Beach to Chengalpattu,South Line,20,Vandalur,5,64,
R05,Chennai Beach to Chengalpattu,South Line,21,Kilambakkam,4,68,
R05,Chennai Beach to Chengalpattu,South Line,22,Urapakkam,4,72,
R05,Chennai Beach to Chengalpattu,South Line,23,Guduvancheri,5,77,
R05,Chennai Beach to Chengalpattu,South Line,24,Potheri,5,82,
R05,Chennai Beach to Chengalpattu,South Line,25,Kattankulathur,4,86,
R05,Chennai Beach to Chengalpattu,South Line,26,Maraimalai Nagar,5,91,
R05,Chennai Beach to Chengalpattu,South Line,27,Singaperumal Koil,6,97,
R05,Chennai Beach to Chengalpattu,South Line,28,Paranur,5,102,
R05,Chennai Beach to Chengalpattu,South Line,29,Chengalpattu,6,108,Interchange/major terminal
R06,Chengalpattu to Chennai Beach,South Line,1,Chengalpattu,0,0,Interchange/major terminal
R06,Chengalpattu to Chennai Beach,South Line,2,Paranur,6,6,
R06,Chengalpattu to Chennai Beach,South Line,3,Singaperumal Koil,5,11,
R06,Chengalpattu to Chennai Beach,South Line,4,Maraimalai Nagar,6,17,
R06,Chengalpattu to Chennai Beach,South Line,5,Kattankulathur,5,22,
R06,Chengalpattu to Chennai Beach,South Line,6,Potheri,4,26,
R06,Chengalpattu to Chennai Beach,South Line,7,Guduvancheri,5,31,
R06,Chengalpattu to Chennai Beach,South Line,8,Urapakkam,5,36,
R06,Chengalpattu to Chennai Beach,South Line,9,Kilambakkam,4,40,
R06,Chengalpattu to Chennai Beach,South Line,10,Vandalur,4,44,
R06,Chengalpattu to Chennai Beach,South Line,11,Perungalathur,5,49,
R06,Chengalpattu to Chennai Beach,South Line,12,Tambaram,5,54,Interchange/major terminal
R06,Chengalpattu to Chennai Beach,South Line,13,Tambaram Sanatorium,3,57,
R06,Chengalpattu to Chennai Beach,South Line,14,Chromepet,4,61,
R06,Chengalpattu to Chennai Beach,South Line,15,Pallavaram,3,64,
R06,Chengalpattu to Chennai Beach,South Line,16,Tirusulam,4,68,
R06,Chengalpattu to Chennai Beach,South Line,17,Meenambakkam,2,70,
R06,Chengalpattu to Chennai Beach,South Line,18,Pazhavanthangal,2,72,
R06,Chengalpattu to Chennai Beach,South Line,19,St Thomas Mount,3,75,
R06,Chengalpattu to Chennai Beach,South Line,20,Guindy,4,79,
R06,Chengalpattu to Chennai Beach,South Line,21,Saidapet,4,83,
R06,Chengalpattu to Chennai Beach,South Line,22,Mambalam,3,86,
R06,Chengalpattu to Chennai Beach,South Line,23,Kodambakkam,3,89,
R06,Chengalpattu to Chennai Beach,South Line,24,Nungambakkam,3,92,
R06,Chengalpattu to Chennai Beach,South Line,25,Chetpet,3,95,
R06,Chengalpattu to Chennai Beach,South Line,26,Chennai Egmore,3,98,
R06,Chengalpattu to Chennai Beach,South Line,27,Chennai Park,3,101,Interchange/major terminal
R06,Chengalpattu to Chennai Beach,South Line,28,Chennai Fort,3,104,Interchange/major terminal
R06,Chengalpattu to Chennai Beach,South Line,29,Chennai Beach,4,108,Interchange/major terminal
R07,Chennai Beach to Tirumalpur,South Line / Tirumalpur Branch,1,Chennai Beach,0,0,Interchange/major terminal
R07,Chennai Beach to Tirumalpur,South Line / Tirumalpur Branch,2,Chennai Fort,4,4,Interchange/major terminal
R07,Chennai Beach to Tirumalpur,South Line / Tirumalpur Branch,3,Chennai Park,3,7,Interchange/major terminal
R07,Chennai Beach to Tirumalpur,South Line / Tirumalpur Branch,4,Chennai Egmore,3,10,
R07,Chennai Beach to Tirumalpur,South Line / Tirumalpur Branch,5,Chetpet,3,13,
R07,Chennai Beach to Tirumalpur,South Line / Tirumalpur Branch,6,Nungambakkam,3,16,
R07,Chennai Beach to Tirumalpur,South Line / Tirumalpur Branch,7,Kodambakkam,3,19,
R07,Chennai Beach to Tirumalpur,South Line / Tirumalpur Branch,8,Mambalam,3,22,
R07,Chennai Beach to Tirumalpur,South Line / Tirumalpur Branch,9,Saidapet,3,25,
R07,Chennai Beach to Tirumalpur,South Line / Tirumalpur Branch,10,Guindy,4,29,
R07,Chennai Beach to Tirumalpur,South Line / Tirumalpur Branch,11,St Thomas Mount,4,33,
R07,Chennai Beach to Tirumalpur,South Line / Tirumalpur Branch,12,Pazhavanthangal,3,36,
R07,Chennai Beach to Tirumalpur,South Line / Tirumalpur Branch,13,Meenambakkam,2,38,
R07,Chennai Beach to Tirumalpur,South Line / Tirumalpur Branch,14,Tirusulam,2,40,
R07,Chennai Beach to Tirumalpur,South Line / Tirumalpur Branch,15,Pallavaram,4,44,
R07,Chennai Beach to Tirumalpur,South Line / Tirumalpur Branch,16,Chromepet,3,47,
R07,Chennai Beach to Tirumalpur,South Line / Tirumalpur Branch,17,Tambaram Sanatorium,4,51,
R07,Chennai Beach to Tirumalpur,South Line / Tirumalpur Branch,18,Tambaram,3,54,Interchange/major terminal
R07,Chennai Beach to Tirumalpur,South Line / Tirumalpur Branch,19,Perungalathur,5,59,
R07,Chennai Beach to Tirumalpur,South Line / Tirumalpur Branch,20,Vandalur,5,64,
R07,Chennai Beach to Tirumalpur,South Line / Tirumalpur Branch,21,Kilambakkam,4,68,
R07,Chennai Beach to Tirumalpur,South Line / Tirumalpur Branch,22,Urapakkam,4,72,
R07,Chennai Beach to Tirumalpur,South Line / Tirumalpur Branch,23,Guduvancheri,5,77,
R07,Chennai Beach to Tirumalpur,South Line / Tirumalpur Branch,24,Potheri,5,82,
R07,Chennai Beach to Tirumalpur,South Line / Tirumalpur Branch,25,Kattankulathur,4,86,
R07,Chennai Beach to Tirumalpur,South Line / Tirumalpur Branch,26,Maraimalai Nagar,5,91,
R07,Chennai Beach to Tirumalpur,South Line / Tirumalpur Branch,27,Singaperumal Koil,6,97,
R07,Chennai Beach to Tirumalpur,South Line / Tirumalpur Branch,28,Paranur,5,102,
R07,Chennai Beach to Tirumalpur,South Line / Tirumalpur Branch,29,Chengalpattu,6,108,Interchange/major terminal
R07,Chennai Beach to Tirumalpur,South Line / Tirumalpur Branch,30,Reddipalayam,7,115,
R07,Chennai Beach to Tirumalpur,South Line / Tirumalpur Branch,31,Villiyambakkam,6,121,
R07,Chennai Beach to Tirumalpur,South Line / Tirumalpur Branch,32,Palur,6,127,
R07,Chennai Beach to Tirumalpur,South Line / Tirumalpur Branch,33,Palayasivaram,7,134,
R07,Chennai Beach to Tirumalpur,South Line / Tirumalpur Branch,34,Walajabad,8,142,
R07,Chennai Beach to Tirumalpur,South Line / Tirumalpur Branch,35,Nathapettai,8,150,
R07,Chennai Beach to Tirumalpur,South Line / Tirumalpur Branch,36,Kanchipuram East,6,156,
R07,Chennai Beach to Tirumalpur,South Line / Tirumalpur Branch,37,Kanchipuram,4,160,
R07,Chennai Beach to Tirumalpur,South Line / Tirumalpur Branch,38,Tirumalpur,12,172,
R08,Tirumalpur to Chennai Beach,South Line / Tirumalpur Branch,1,Tirumalpur,0,0,
R08,Tirumalpur to Chennai Beach,South Line / Tirumalpur Branch,2,Kanchipuram,12,12,
R08,Tirumalpur to Chennai Beach,South Line / Tirumalpur Branch,3,Kanchipuram East,4,16,
R08,Tirumalpur to Chennai Beach,South Line / Tirumalpur Branch,4,Nathapettai,6,22,
R08,Tirumalpur to Chennai Beach,South Line / Tirumalpur Branch,5,Walajabad,8,30,
R08,Tirumalpur to Chennai Beach,South Line / Tirumalpur Branch,6,Palayasivaram,8,38,
R08,Tirumalpur to Chennai Beach,South Line / Tirumalpur Branch,7,Palur,7,45,
R08,Tirumalpur to Chennai Beach,South Line / Tirumalpur Branch,8,Villiyambakkam,6,51,
R08,Tirumalpur to Chennai Beach,South Line / Tirumalpur Branch,9,Reddipalayam,6,57,
R08,Tirumalpur to Chennai Beach,South Line / Tirumalpur Branch,10,Chengalpattu,7,64,Interchange/major terminal
R08,Tirumalpur to Chennai Beach,South Line / Tirumalpur Branch,11,Paranur,6,70,
R08,Tirumalpur to Chennai Beach,South Line / Tirumalpur Branch,12,Singaperumal Koil,5,75,
R08,Tirumalpur to Chennai Beach,South Line / Tirumalpur Branch,13,Maraimalai Nagar,6,81,
R08,Tirumalpur to Chennai Beach,South Line / Tirumalpur Branch,14,Kattankulathur,5,86,
R08,Tirumalpur to Chennai Beach,South Line / Tirumalpur Branch,15,Potheri,4,90,
R08,Tirumalpur to Chennai Beach,South Line / Tirumalpur Branch,16,Guduvancheri,5,95,
R08,Tirumalpur to Chennai Beach,South Line / Tirumalpur Branch,17,Urapakkam,5,100,
R08,Tirumalpur to Chennai Beach,South Line / Tirumalpur Branch,18,Kilambakkam,4,104,
R08,Tirumalpur to Chennai Beach,South Line / Tirumalpur Branch,19,Vandalur,4,108,
R08,Tirumalpur to Chennai Beach,South Line / Tirumalpur Branch,20,Perungalathur,5,113,
R08,Tirumalpur to Chennai Beach,South Line / Tirumalpur Branch,21,Tambaram,5,118,Interchange/major terminal
R08,Tirumalpur to Chennai Beach,South Line / Tirumalpur Branch,22,Tambaram Sanatorium,3,121,
R08,Tirumalpur to Chennai Beach,South Line / Tirumalpur Branch,23,Chromepet,4,125,
R08,Tirumalpur to Chennai Beach,South Line / Tirumalpur Branch,24,Pallavaram,3,128,
R08,Tirumalpur to Chennai Beach,South Line / Tirumalpur Branch,25,Tirusulam,4,132,
R08,Tirumalpur to Chennai Beach,South Line / Tirumalpur Branch,26,Meenambakkam,2,134,
R08,Tirumalpur to Chennai Beach,South Line / Tirumalpur Branch,27,Pazhavanthangal,2,136,
R08,Tirumalpur to Chennai Beach,South Line / Tirumalpur Branch,28,St Thomas Mount,3,139,
R08,Tirumalpur to Chennai Beach,South Line / Tirumalpur Branch,29,Guindy,4,143,
R08,Tirumalpur to Chennai Beach,South Line / Tirumalpur Branch,30,Saidapet,4,147,
R08,Tirumalpur to Chennai Beach,South Line / Tirumalpur Branch,31,Mambalam,3,150,
R08,Tirumalpur to Chennai Beach,South Line / Tirumalpur Branch,32,Kodambakkam,3,153,
R08,Tirumalpur to Chennai Beach,South Line / Tirumalpur Branch,33,Nungambakkam,3,156,
R08,Tirumalpur to Chennai Beach,South Line / Tirumalpur Branch,34,Chetpet,3,159,
R08,Tirumalpur to Chennai Beach,South Line / Tirumalpur Branch,35,Chennai Egmore,3,162,
R08,Tirumalpur to Chennai Beach,South Line / Tirumalpur Branch,36,Chennai Park,3,165,Interchange/major terminal
R08,Tirumalpur to Chennai Beach,South Line / Tirumalpur Branch,37,Chennai Fort,3,168,Interchange/major terminal
R08,Tirumalpur to Chennai Beach,South Line / Tirumalpur Branch,38,Chennai Beach,4,172,Interchange/major terminal
R09,Chennai Beach to Arakkonam,West Line,1,Chennai Beach,0,0,Interchange/major terminal
R09,Chennai Beach to Arakkonam,West Line,2,Chennai Fort,4,4,Interchange/major terminal
R09,Chennai Beach to Arakkonam,West Line,3,Chennai Park,3,7,Interchange/major terminal
R09,Chennai Beach to Arakkonam,West Line,4,Chennai Central,4,11,Interchange/major terminal
R09,Chennai Beach to Arakkonam,West Line,5,Basin Bridge,4,15,
R09,Chennai Beach to Arakkonam,West Line,6,Vyasarpadi Jeeva,4,19,
R09,Chennai Beach to Arakkonam,West Line,7,Perambur,3,22,
R09,Chennai Beach to Arakkonam,West Line,8,Perambur Carriage Works,3,25,
R09,Chennai Beach to Arakkonam,West Line,9,Perambur Loco Works,3,28,
R09,Chennai Beach to Arakkonam,West Line,10,Villivakkam,4,32,
R09,Chennai Beach to Arakkonam,West Line,11,Korattur,5,37,
R09,Chennai Beach to Arakkonam,West Line,12,Pattaravakkam,4,41,
R09,Chennai Beach to Arakkonam,West Line,13,Ambattur,4,45,
R09,Chennai Beach to Arakkonam,West Line,14,Tirumullaivoyal,4,49,
R09,Chennai Beach to Arakkonam,West Line,15,Annanur,3,52,
R09,Chennai Beach to Arakkonam,West Line,16,Avadi,4,56,Interchange/major terminal
R09,Chennai Beach to Arakkonam,West Line,17,Hindu College,4,60,
R09,Chennai Beach to Arakkonam,West Line,18,Pattabiram,4,64,
R09,Chennai Beach to Arakkonam,West Line,19,Nemilichery,4,68,
R09,Chennai Beach to Arakkonam,West Line,20,Tiruninravur,5,73,
R09,Chennai Beach to Arakkonam,West Line,21,Veppampattu,5,78,
R09,Chennai Beach to Arakkonam,West Line,22,Sevvapet Road,5,83,
R09,Chennai Beach to Arakkonam,West Line,23,Putlur,4,87,
R09,Chennai Beach to Arakkonam,West Line,24,Tiruvallur,5,92,
R09,Chennai Beach to Arakkonam,West Line,25,Kadambattur,6,98,
R09,Chennai Beach to Arakkonam,West Line,26,Senji Panambakkam,6,104,
R09,Chennai Beach to Arakkonam,West Line,27,Manavur,5,109,
R09,Chennai Beach to Arakkonam,West Line,28,Tiruvalangadu,6,115,
R09,Chennai Beach to Arakkonam,West Line,29,Mosur,5,120,
R09,Chennai Beach to Arakkonam,West Line,30,Puliyamangalam,5,125,
R09,Chennai Beach to Arakkonam,West Line,31,Arakkonam,6,131,Interchange/major terminal
R10,Arakkonam to Chennai Beach,West Line,1,Arakkonam,0,0,Interchange/major terminal
R10,Arakkonam to Chennai Beach,West Line,2,Puliyamangalam,6,6,
R10,Arakkonam to Chennai Beach,West Line,3,Mosur,5,11,
R10,Arakkonam to Chennai Beach,West Line,4,Tiruvalangadu,5,16,
R10,Arakkonam to Chennai Beach,West Line,5,Manavur,6,22,
R10,Arakkonam to Chennai Beach,West Line,6,Senji Panambakkam,5,27,
R10,Arakkonam to Chennai Beach,West Line,7,Kadambattur,6,33,
R10,Arakkonam to Chennai Beach,West Line,8,Tiruvallur,6,39,
R10,Arakkonam to Chennai Beach,West Line,9,Putlur,5,44,
R10,Arakkonam to Chennai Beach,West Line,10,Sevvapet Road,4,48,
R10,Arakkonam to Chennai Beach,West Line,11,Veppampattu,5,53,
R10,Arakkonam to Chennai Beach,West Line,12,Tiruninravur,5,58,
R10,Arakkonam to Chennai Beach,West Line,13,Nemilichery,5,63,
R10,Arakkonam to Chennai Beach,West Line,14,Pattabiram,4,67,
R10,Arakkonam to Chennai Beach,West Line,15,Hindu College,4,71,
R10,Arakkonam to Chennai Beach,West Line,16,Avadi,4,75,Interchange/major terminal
R10,Arakkonam to Chennai Beach,West Line,17,Annanur,4,79,
R10,Arakkonam to Chennai Beach,West Line,18,Tirumullaivoyal,3,82,
R10,Arakkonam to Chennai Beach,West Line,19,Ambattur,4,86,
R10,Arakkonam to Chennai Beach,West Line,20,Pattaravakkam,4,90,
R10,Arakkonam to Chennai Beach,West Line,21,Korattur,4,94,
R10,Arakkonam to Chennai Beach,West Line,22,Villivakkam,5,99,
R10,Arakkonam to Chennai Beach,West Line,23,Perambur Loco Works,4,103,
R10,Arakkonam to Chennai Beach,West Line,24,Perambur Carriage Works,3,106,
R10,Arakkonam to Chennai Beach,West Line,25,Perambur,3,109,
R10,Arakkonam to Chennai Beach,West Line,26,Vyasarpadi Jeeva,3,112,
R10,Arakkonam to Chennai Beach,West Line,27,Basin Bridge,4,116,
R10,Arakkonam to Chennai Beach,West Line,28,Chennai Central,4,120,Interchange/major terminal
R10,Arakkonam to Chennai Beach,West Line,29,Chennai Park,4,124,Interchange/major terminal
R10,Arakkonam to Chennai Beach,West Line,30,Chennai Fort,3,127,Interchange/major terminal
R10,Arakkonam to Chennai Beach,West Line,31,Chennai Beach,4,131,Interchange/major terminal
R11,Chennai Beach to Tiruttani,West Line,1,Chennai Beach,0,0,Interchange/major terminal
R11,Chennai Beach to Tiruttani,West Line,2,Chennai Fort,4,4,Interchange/major terminal
R11,Chennai Beach to Tiruttani,West Line,3,Chennai Park,3,7,Interchange/major terminal
R11,Chennai Beach to Tiruttani,West Line,4,Chennai Central,4,11,Interchange/major terminal
R11,Chennai Beach to Tiruttani,West Line,5,Basin Bridge,4,15,
R11,Chennai Beach to Tiruttani,West Line,6,Vyasarpadi Jeeva,4,19,
R11,Chennai Beach to Tiruttani,West Line,7,Perambur,3,22,
R11,Chennai Beach to Tiruttani,West Line,8,Perambur Carriage Works,3,25,
R11,Chennai Beach to Tiruttani,West Line,9,Perambur Loco Works,3,28,
R11,Chennai Beach to Tiruttani,West Line,10,Villivakkam,4,32,
R11,Chennai Beach to Tiruttani,West Line,11,Korattur,5,37,
R11,Chennai Beach to Tiruttani,West Line,12,Pattaravakkam,4,41,
R11,Chennai Beach to Tiruttani,West Line,13,Ambattur,4,45,
R11,Chennai Beach to Tiruttani,West Line,14,Tirumullaivoyal,4,49,
R11,Chennai Beach to Tiruttani,West Line,15,Annanur,3,52,
R11,Chennai Beach to Tiruttani,West Line,16,Avadi,4,56,Interchange/major terminal
R11,Chennai Beach to Tiruttani,West Line,17,Hindu College,4,60,
R11,Chennai Beach to Tiruttani,West Line,18,Pattabiram,4,64,
R11,Chennai Beach to Tiruttani,West Line,19,Nemilichery,4,68,
R11,Chennai Beach to Tiruttani,West Line,20,Tiruninravur,5,73,
R11,Chennai Beach to Tiruttani,West Line,21,Veppampattu,5,78,
R11,Chennai Beach to Tiruttani,West Line,22,Sevvapet Road,5,83,
R11,Chennai Beach to Tiruttani,West Line,23,Putlur,4,87,
R11,Chennai Beach to Tiruttani,West Line,24,Tiruvallur,5,92,
R11,Chennai Beach to Tiruttani,West Line,25,Kadambattur,6,98,
R11,Chennai Beach to Tiruttani,West Line,26,Senji Panambakkam,6,104,
R11,Chennai Beach to Tiruttani,West Line,27,Manavur,5,109,
R11,Chennai Beach to Tiruttani,West Line,28,Tiruvalangadu,6,115,
R11,Chennai Beach to Tiruttani,West Line,29,Mosur,5,120,
R11,Chennai Beach to Tiruttani,West Line,30,Puliyamangalam,5,125,
R11,Chennai Beach to Tiruttani,West Line,31,Arakkonam,6,131,Interchange/major terminal
R11,Chennai Beach to Tiruttani,West Line,32,Tiruttani,18,149,
R12,Tiruttani to Chennai Beach,West Line,1,Tiruttani,0,0,
R12,Tiruttani to Chennai Beach,West Line,2,Arakkonam,18,18,Interchange/major terminal
R12,Tiruttani to Chennai Beach,West Line,3,Puliyamangalam,6,24,
R12,Tiruttani to Chennai Beach,West Line,4,Mosur,5,29,
R12,Tiruttani to Chennai Beach,West Line,5,Tiruvalangadu,5,34,
R12,Tiruttani to Chennai Beach,West Line,6,Manavur,6,40,
R12,Tiruttani to Chennai Beach,West Line,7,Senji Panambakkam,5,45,
R12,Tiruttani to Chennai Beach,West Line,8,Kadambattur,6,51,
R12,Tiruttani to Chennai Beach,West Line,9,Tiruvallur,6,57,
R12,Tiruttani to Chennai Beach,West Line,10,Putlur,5,62,
R12,Tiruttani to Chennai Beach,West Line,11,Sevvapet Road,4,66,
R12,Tiruttani to Chennai Beach,West Line,12,Veppampattu,5,71,
R12,Tiruttani to Chennai Beach,West Line,13,Tiruninravur,5,76,
R12,Tiruttani to Chennai Beach,West Line,14,Nemilichery,5,81,
R12,Tiruttani to Chennai Beach,West Line,15,Pattabiram,4,85,
R12,Tiruttani to Chennai Beach,West Line,16,Hindu College,4,89,
R12,Tiruttani to Chennai Beach,West Line,17,Avadi,4,93,Interchange/major terminal
R12,Tiruttani to Chennai Beach,West Line,18,Annanur,4,97,
R12,Tiruttani to Chennai Beach,West Line,19,Tirumullaivoyal,3,100,
R12,Tiruttani to Chennai Beach,West Line,20,Ambattur,4,104,
R12,Tiruttani to Chennai Beach,West Line,21,Pattaravakkam,4,108,
R12,Tiruttani to Chennai Beach,West Line,22,Korattur,4,112,
R12,Tiruttani to Chennai Beach,West Line,23,Villivakkam,5,117,
R12,Tiruttani to Chennai Beach,West Line,24,Perambur Loco Works,4,121,
R12,Tiruttani to Chennai Beach,West Line,25,Perambur Carriage Works,3,124,
R12,Tiruttani to Chennai Beach,West Line,26,Perambur,3,127,
R12,Tiruttani to Chennai Beach,West Line,27,Vyasarpadi Jeeva,3,130,
R12,Tiruttani to Chennai Beach,West Line,28,Basin Bridge,4,134,
R12,Tiruttani to Chennai Beach,West Line,29,Chennai Central,4,138,Interchange/major terminal
R12,Tiruttani to Chennai Beach,West Line,30,Chennai Park,4,142,Interchange/major terminal
R12,Tiruttani to Chennai Beach,West Line,31,Chennai Fort,3,145,Interchange/major terminal
R12,Tiruttani to Chennai Beach,West Line,32,Chennai Beach,4,149,Interchange/major terminal
R13,Chennai Central to Arakkonam,West Line,1,Chennai Central,0,0,Interchange/major terminal
R13,Chennai Central to Arakkonam,West Line,2,Basin Bridge,4,4,
R13,Chennai Central to Arakkonam,West Line,3,Vyasarpadi Jeeva,4,8,
R13,Chennai Central to Arakkonam,West Line,4,Perambur,3,11,
R13,Chennai Central to Arakkonam,West Line,5,Perambur Carriage Works,3,14,
R13,Chennai Central to Arakkonam,West Line,6,Perambur Loco Works,3,17,
R13,Chennai Central to Arakkonam,West Line,7,Villivakkam,4,21,
R13,Chennai Central to Arakkonam,West Line,8,Korattur,5,26,
R13,Chennai Central to Arakkonam,West Line,9,Pattaravakkam,4,30,
R13,Chennai Central to Arakkonam,West Line,10,Ambattur,4,34,
R13,Chennai Central to Arakkonam,West Line,11,Tirumullaivoyal,4,38,
R13,Chennai Central to Arakkonam,West Line,12,Annanur,3,41,
R13,Chennai Central to Arakkonam,West Line,13,Avadi,4,45,Interchange/major terminal
R13,Chennai Central to Arakkonam,West Line,14,Hindu College,4,49,
R13,Chennai Central to Arakkonam,West Line,15,Pattabiram,4,53,
R13,Chennai Central to Arakkonam,West Line,16,Nemilichery,4,57,
R13,Chennai Central to Arakkonam,West Line,17,Tiruninravur,5,62,
R13,Chennai Central to Arakkonam,West Line,18,Veppampattu,5,67,
R13,Chennai Central to Arakkonam,West Line,19,Sevvapet Road,5,72,
R13,Chennai Central to Arakkonam,West Line,20,Putlur,4,76,
R13,Chennai Central to Arakkonam,West Line,21,Tiruvallur,5,81,
R13,Chennai Central to Arakkonam,West Line,22,Kadambattur,6,87,
R13,Chennai Central to Arakkonam,West Line,23,Senji Panambakkam,6,93,
R13,Chennai Central to Arakkonam,West Line,24,Manavur,5,98,
R13,Chennai Central to Arakkonam,West Line,25,Tiruvalangadu,6,104,
R13,Chennai Central to Arakkonam,West Line,26,Mosur,5,109,
R13,Chennai Central to Arakkonam,West Line,27,Puliyamangalam,5,114,
R13,Chennai Central to Arakkonam,West Line,28,Arakkonam,6,120,Interchange/major terminal
R14,Arakkonam to Chennai Central,West Line,1,Arakkonam,0,0,Interchange/major terminal
R14,Arakkonam to Chennai Central,West Line,2,Puliyamangalam,6,6,
R14,Arakkonam to Chennai Central,West Line,3,Mosur,5,11,
R14,Arakkonam to Chennai Central,West Line,4,Tiruvalangadu,5,16,
R14,Arakkonam to Chennai Central,West Line,5,Manavur,6,22,
R14,Arakkonam to Chennai Central,West Line,6,Senji Panambakkam,5,27,
R14,Arakkonam to Chennai Central,West Line,7,Kadambattur,6,33,
R14,Arakkonam to Chennai Central,West Line,8,Tiruvallur,6,39,
R14,Arakkonam to Chennai Central,West Line,9,Putlur,5,44,
R14,Arakkonam to Chennai Central,West Line,10,Sevvapet Road,4,48,
R14,Arakkonam to Chennai Central,West Line,11,Veppampattu,5,53,
R14,Arakkonam to Chennai Central,West Line,12,Tiruninravur,5,58,
R14,Arakkonam to Chennai Central,West Line,13,Nemilichery,5,63,
R14,Arakkonam to Chennai Central,West Line,14,Pattabiram,4,67,
R14,Arakkonam to Chennai Central,West Line,15,Hindu College,4,71,
R14,Arakkonam to Chennai Central,West Line,16,Avadi,4,75,Interchange/major terminal
R14,Arakkonam to Chennai Central,West Line,17,Annanur,4,79,
R14,Arakkonam to Chennai Central,West Line,18,Tirumullaivoyal,3,82,
R14,Arakkonam to Chennai Central,West Line,19,Ambattur,4,86,
R14,Arakkonam to Chennai Central,West Line,20,Pattaravakkam,4,90,
R14,Arakkonam to Chennai Central,West Line,21,Korattur,4,94,
R14,Arakkonam to Chennai Central,West Line,22,Villivakkam,5,99,
R14,Arakkonam to Chennai Central,West Line,23,Perambur Loco Works,4,103,
R14,Arakkonam to Chennai Central,West Line,24,Perambur Carriage Works,3,106,
R14,Arakkonam to Chennai Central,West Line,25,Perambur,3,109,
R14,Arakkonam to Chennai Central,West Line,26,Vyasarpadi Jeeva,3,112,
R14,Arakkonam to Chennai Central,West Line,27,Basin Bridge,4,116,
R14,Arakkonam to Chennai Central,West Line,28,Chennai Central,4,120,Interchange/major terminal
R15,Chennai Central to Tiruttani,West Line,1,Chennai Central,0,0,Interchange/major terminal
R15,Chennai Central to Tiruttani,West Line,2,Basin Bridge,4,4,
R15,Chennai Central to Tiruttani,West Line,3,Vyasarpadi Jeeva,4,8,
R15,Chennai Central to Tiruttani,West Line,4,Perambur,3,11,
R15,Chennai Central to Tiruttani,West Line,5,Perambur Carriage Works,3,14,
R15,Chennai Central to Tiruttani,West Line,6,Perambur Loco Works,3,17,
R15,Chennai Central to Tiruttani,West Line,7,Villivakkam,4,21,
R15,Chennai Central to Tiruttani,West Line,8,Korattur,5,26,
R15,Chennai Central to Tiruttani,West Line,9,Pattaravakkam,4,30,
R15,Chennai Central to Tiruttani,West Line,10,Ambattur,4,34,
R15,Chennai Central to Tiruttani,West Line,11,Tirumullaivoyal,4,38,
R15,Chennai Central to Tiruttani,West Line,12,Annanur,3,41,
R15,Chennai Central to Tiruttani,West Line,13,Avadi,4,45,Interchange/major terminal
R15,Chennai Central to Tiruttani,West Line,14,Hindu College,4,49,
R15,Chennai Central to Tiruttani,West Line,15,Pattabiram,4,53,
R15,Chennai Central to Tiruttani,West Line,16,Nemilichery,4,57,
R15,Chennai Central to Tiruttani,West Line,17,Tiruninravur,5,62,
R15,Chennai Central to Tiruttani,West Line,18,Veppampattu,5,67,
R15,Chennai Central to Tiruttani,West Line,19,Sevvapet Road,5,72,
R15,Chennai Central to Tiruttani,West Line,20,Putlur,4,76,
R15,Chennai Central to Tiruttani,West Line,21,Tiruvallur,5,81,
R15,Chennai Central to Tiruttani,West Line,22,Kadambattur,6,87,
R15,Chennai Central to Tiruttani,West Line,23,Senji Panambakkam,6,93,
R15,Chennai Central to Tiruttani,West Line,24,Manavur,5,98,
R15,Chennai Central to Tiruttani,West Line,25,Tiruvalangadu,6,104,
R15,Chennai Central to Tiruttani,West Line,26,Mosur,5,109,
R15,Chennai Central to Tiruttani,West Line,27,Puliyamangalam,5,114,
R15,Chennai Central to Tiruttani,West Line,28,Arakkonam,6,120,Interchange/major terminal
R15,Chennai Central to Tiruttani,West Line,29,Tiruttani,18,138,
R16,Tiruttani to Chennai Central,West Line,1,Tiruttani,0,0,
R16,Tiruttani to Chennai Central,West Line,2,Arakkonam,18,18,Interchange/major terminal
R16,Tiruttani to Chennai Central,West Line,3,Puliyamangalam,6,24,
R16,Tiruttani to Chennai Central,West Line,4,Mosur,5,29,
R16,Tiruttani to Chennai Central,West Line,5,Tiruvalangadu,5,34,
R16,Tiruttani to Chennai Central,West Line,6,Manavur,6,40,
R16,Tiruttani to Chennai Central,West Line,7,Senji Panambakkam,5,45,
R16,Tiruttani to Chennai Central,West Line,8,Kadambattur,6,51,
R16,Tiruttani to Chennai Central,West Line,9,Tiruvallur,6,57,
R16,Tiruttani to Chennai Central,West Line,10,Putlur,5,62,
R16,Tiruttani to Chennai Central,West Line,11,Sevvapet Road,4,66,
R16,Tiruttani to Chennai Central,West Line,12,Veppampattu,5,71,
R16,Tiruttani to Chennai Central,West Line,13,Tiruninravur,5,76,
R16,Tiruttani to Chennai Central,West Line,14,Nemilichery,5,81,
R16,Tiruttani to Chennai Central,West Line,15,Pattabiram,4,85,
R16,Tiruttani to Chennai Central,West Line,16,Hindu College,4,89,
R16,Tiruttani to Chennai Central,West Line,17,Avadi,4,93,Interchange/major terminal
R16,Tiruttani to Chennai Central,West Line,18,Annanur,4,97,
R16,Tiruttani to Chennai Central,West Line,19,Tirumullaivoyal,3,100,
R16,Tiruttani to Chennai Central,West Line,20,Ambattur,4,104,
R16,Tiruttani to Chennai Central,West Line,21,Pattaravakkam,4,108,
R16,Tiruttani to Chennai Central,West Line,22,Korattur,4,112,
R16,Tiruttani to Chennai Central,West Line,23,Villivakkam,5,117,
R16,Tiruttani to Chennai Central,West Line,24,Perambur Loco Works,4,121,
R16,Tiruttani to Chennai Central,West Line,25,Perambur Carriage Works,3,124,
R16,Tiruttani to Chennai Central,West Line,26,Perambur,3,127,
R16,Tiruttani to Chennai Central,West Line,27,Vyasarpadi Jeeva,3,130,
R16,Tiruttani to Chennai Central,West Line,28,Basin Bridge,4,134,
R16,Tiruttani to Chennai Central,West Line,29,Chennai Central,4,138,Interchange/major terminal
R17,Chennai Central to Tirupati,West / Tirupati Extension,1,Chennai Central,0,0,Interchange/major terminal
R17,Chennai Central to Tirupati,West / Tirupati Extension,2,Basin Bridge,4,4,
R17,Chennai Central to Tirupati,West / Tirupati Extension,3,Vyasarpadi Jeeva,4,8,
R17,Chennai Central to Tirupati,West / Tirupati Extension,4,Perambur,3,11,
R17,Chennai Central to Tirupati,West / Tirupati Extension,5,Perambur Carriage Works,3,14,
R17,Chennai Central to Tirupati,West / Tirupati Extension,6,Perambur Loco Works,3,17,
R17,Chennai Central to Tirupati,West / Tirupati Extension,7,Villivakkam,4,21,
R17,Chennai Central to Tirupati,West / Tirupati Extension,8,Korattur,5,26,
R17,Chennai Central to Tirupati,West / Tirupati Extension,9,Pattaravakkam,4,30,
R17,Chennai Central to Tirupati,West / Tirupati Extension,10,Ambattur,4,34,
R17,Chennai Central to Tirupati,West / Tirupati Extension,11,Tirumullaivoyal,4,38,
R17,Chennai Central to Tirupati,West / Tirupati Extension,12,Annanur,3,41,
R17,Chennai Central to Tirupati,West / Tirupati Extension,13,Avadi,4,45,Interchange/major terminal
R17,Chennai Central to Tirupati,West / Tirupati Extension,14,Hindu College,4,49,
R17,Chennai Central to Tirupati,West / Tirupati Extension,15,Pattabiram,4,53,
R17,Chennai Central to Tirupati,West / Tirupati Extension,16,Nemilichery,4,57,
R17,Chennai Central to Tirupati,West / Tirupati Extension,17,Tiruninravur,5,62,
R17,Chennai Central to Tirupati,West / Tirupati Extension,18,Veppampattu,5,67,
R17,Chennai Central to Tirupati,West / Tirupati Extension,19,Sevvapet Road,5,72,
R17,Chennai Central to Tirupati,West / Tirupati Extension,20,Putlur,4,76,
R17,Chennai Central to Tirupati,West / Tirupati Extension,21,Tiruvallur,5,81,
R17,Chennai Central to Tirupati,West / Tirupati Extension,22,Kadambattur,6,87,
R17,Chennai Central to Tirupati,West / Tirupati Extension,23,Senji Panambakkam,6,93,
R17,Chennai Central to Tirupati,West / Tirupati Extension,24,Manavur,5,98,
R17,Chennai Central to Tirupati,West / Tirupati Extension,25,Tiruvalangadu,6,104,
R17,Chennai Central to Tirupati,West / Tirupati Extension,26,Mosur,5,109,
R17,Chennai Central to Tirupati,West / Tirupati Extension,27,Puliyamangalam,5,114,
R17,Chennai Central to Tirupati,West / Tirupati Extension,28,Arakkonam,6,120,Interchange/major terminal
R17,Chennai Central to Tirupati,West / Tirupati Extension,29,Tiruttani,18,138,
R17,Chennai Central to Tirupati,West / Tirupati Extension,30,Puttur,22,160,
R17,Chennai Central to Tirupati,West / Tirupati Extension,31,Renigunta,25,185,
R17,Chennai Central to Tirupati,West / Tirupati Extension,32,Tirupati,20,205,
R18,Tirupati to Chennai Central,West / Tirupati Extension,1,Tirupati,0,0,
R18,Tirupati to Chennai Central,West / Tirupati Extension,2,Renigunta,20,20,
R18,Tirupati to Chennai Central,West / Tirupati Extension,3,Puttur,25,45,
R18,Tirupati to Chennai Central,West / Tirupati Extension,4,Tiruttani,22,67,
R18,Tirupati to Chennai Central,West / Tirupati Extension,5,Arakkonam,18,85,Interchange/major terminal
R18,Tirupati to Chennai Central,West / Tirupati Extension,6,Puliyamangalam,6,91,
R18,Tirupati to Chennai Central,West / Tirupati Extension,7,Mosur,5,96,
R18,Tirupati to Chennai Central,West / Tirupati Extension,8,Tiruvalangadu,5,101,
R18,Tirupati to Chennai Central,West / Tirupati Extension,9,Manavur,6,107,
R18,Tirupati to Chennai Central,West / Tirupati Extension,10,Senji Panambakkam,5,112,
R18,Tirupati to Chennai Central,West / Tirupati Extension,11,Kadambattur,6,118,
R18,Tirupati to Chennai Central,West / Tirupati Extension,12,Tiruvallur,6,124,
R18,Tirupati to Chennai Central,West / Tirupati Extension,13,Putlur,5,129,
R18,Tirupati to Chennai Central,West / Tirupati Extension,14,Sevvapet Road,4,133,
R18,Tirupati to Chennai Central,West / Tirupati Extension,15,Veppampattu,5,138,
R18,Tirupati to Chennai Central,West / Tirupati Extension,16,Tiruninravur,5,143,
R18,Tirupati to Chennai Central,West / Tirupati Extension,17,Nemilichery,5,148,
R18,Tirupati to Chennai Central,West / Tirupati Extension,18,Pattabiram,4,152,
R18,Tirupati to Chennai Central,West / Tirupati Extension,19,Hindu College,4,156,
R18,Tirupati to Chennai Central,West / Tirupati Extension,20,Avadi,4,160,Interchange/major terminal
R18,Tirupati to Chennai Central,West / Tirupati Extension,21,Annanur,4,164,
R18,Tirupati to Chennai Central,West / Tirupati Extension,22,Tirumullaivoyal,3,167,
R18,Tirupati to Chennai Central,West / Tirupati Extension,23,Ambattur,4,171,
R18,Tirupati to Chennai Central,West / Tirupati Extension,24,Pattaravakkam,4,175,
R18,Tirupati to Chennai Central,West / Tirupati Extension,25,Korattur,4,179,
R18,Tirupati to Chennai Central,West / Tirupati Extension,26,Villivakkam,5,184,
R18,Tirupati to Chennai Central,West / Tirupati Extension,27,Perambur Loco Works,4,188,
R18,Tirupati to Chennai Central,West / Tirupati Extension,28,Perambur Carriage Works,3,191,
R18,Tirupati to Chennai Central,West / Tirupati Extension,29,Perambur,3,194,
R18,Tirupati to Chennai Central,West / Tirupati Extension,30,Vyasarpadi Jeeva,3,197,
R18,Tirupati to Chennai Central,West / Tirupati Extension,31,Basin Bridge,4,201,
R18,Tirupati to Chennai Central,West / Tirupati Extension,32,Chennai Central,4,205,Interchange/major terminal
R19,Chennai Central to Ennore,North Line,1,Chennai Central,0,0,Interchange/major terminal
R19,Chennai Central to Ennore,North Line,2,Basin Bridge,4,4,
R19,Chennai Central to Ennore,North Line,3,Korukkupet,5,9,
R19,Chennai Central to Ennore,North Line,4,Tondiarpet,4,13,
R19,Chennai Central to Ennore,North Line,5,V.O.C. Nagar,3,16,
R19,Chennai Central to Ennore,North Line,6,Tiruvottiyur,5,21,
R19,Chennai Central to Ennore,North Line,7,Wimco Nagar,4,25,
R19,Chennai Central to Ennore,North Line,8,Kathivakkam,4,29,
R19,Chennai Central to Ennore,North Line,9,Ennore,5,34,
R20,Ennore to Chennai Central,North Line,1,Ennore,0,0,
R20,Ennore to Chennai Central,North Line,2,Kathivakkam,5,5,
R20,Ennore to Chennai Central,North Line,3,Wimco Nagar,4,9,
R20,Ennore to Chennai Central,North Line,4,Tiruvottiyur,4,13,
R20,Ennore to Chennai Central,North Line,5,V.O.C. Nagar,5,18,
R20,Ennore to Chennai Central,North Line,6,Tondiarpet,3,21,
R20,Ennore to Chennai Central,North Line,7,Korukkupet,4,25,
R20,Ennore to Chennai Central,North Line,8,Basin Bridge,5,30,
R20,Ennore to Chennai Central,North Line,9,Chennai Central,4,34,Interchange/major terminal
R21,Chennai Central to Ponneri,North Line,1,Chennai Central,0,0,Interchange/major terminal
R21,Chennai Central to Ponneri,North Line,2,Basin Bridge,4,4,
R21,Chennai Central to Ponneri,North Line,3,Korukkupet,5,9,
R21,Chennai Central to Ponneri,North Line,4,Tondiarpet,4,13,
R21,Chennai Central to Ponneri,North Line,5,V.O.C. Nagar,3,16,
R21,Chennai Central to Ponneri,North Line,6,Tiruvottiyur,5,21,
R21,Chennai Central to Ponneri,North Line,7,Wimco Nagar,4,25,
R21,Chennai Central to Ponneri,North Line,8,Kathivakkam,4,29,
R21,Chennai Central to Ponneri,North Line,9,Ennore,5,34,
R21,Chennai Central to Ponneri,North Line,10,Athipattu Pudhunagar,5,39,
R21,Chennai Central to Ponneri,North Line,11,Athipattu,4,43,
R21,Chennai Central to Ponneri,North Line,12,Nandiambakkam,4,47,
R21,Chennai Central to Ponneri,North Line,13,Minjur,5,52,
R21,Chennai Central to Ponneri,North Line,14,Anuppampattu,5,57,
R21,Chennai Central to Ponneri,North Line,15,Ponneri,6,63,Interchange/major terminal
R22,Ponneri to Chennai Central,North Line,1,Ponneri,0,0,Interchange/major terminal
R22,Ponneri to Chennai Central,North Line,2,Anuppampattu,6,6,
R22,Ponneri to Chennai Central,North Line,3,Minjur,5,11,
R22,Ponneri to Chennai Central,North Line,4,Nandiambakkam,5,16,
R22,Ponneri to Chennai Central,North Line,5,Athipattu,4,20,
R22,Ponneri to Chennai Central,North Line,6,Athipattu Pudhunagar,4,24,
R22,Ponneri to Chennai Central,North Line,7,Ennore,5,29,
R22,Ponneri to Chennai Central,North Line,8,Kathivakkam,5,34,
R22,Ponneri to Chennai Central,North Line,9,Wimco Nagar,4,38,
R22,Ponneri to Chennai Central,North Line,10,Tiruvottiyur,4,42,
R22,Ponneri to Chennai Central,North Line,11,V.O.C. Nagar,5,47,
R22,Ponneri to Chennai Central,North Line,12,Tondiarpet,3,50,
R22,Ponneri to Chennai Central,North Line,13,Korukkupet,4,54,
R22,Ponneri to Chennai Central,North Line,14,Basin Bridge,5,59,
R22,Ponneri to Chennai Central,North Line,15,Chennai Central,4,63,Interchange/major terminal
R23,Chennai Central to Gummidipoondi,North Line,1,Chennai Central,0,0,Interchange/major terminal
R23,Chennai Central to Gummidipoondi,North Line,2,Basin Bridge,4,4,
R23,Chennai Central to Gummidipoondi,North Line,3,Korukkupet,5,9,
R23,Chennai Central to Gummidipoondi,North Line,4,Tondiarpet,4,13,
R23,Chennai Central to Gummidipoondi,North Line,5,V.O.C. Nagar,3,16,
R23,Chennai Central to Gummidipoondi,North Line,6,Tiruvottiyur,5,21,
R23,Chennai Central to Gummidipoondi,North Line,7,Wimco Nagar,4,25,
R23,Chennai Central to Gummidipoondi,North Line,8,Kathivakkam,4,29,
R23,Chennai Central to Gummidipoondi,North Line,9,Ennore,5,34,
R23,Chennai Central to Gummidipoondi,North Line,10,Athipattu Pudhunagar,5,39,
R23,Chennai Central to Gummidipoondi,North Line,11,Athipattu,4,43,
R23,Chennai Central to Gummidipoondi,North Line,12,Nandiambakkam,4,47,
R23,Chennai Central to Gummidipoondi,North Line,13,Minjur,5,52,
R23,Chennai Central to Gummidipoondi,North Line,14,Anuppampattu,5,57,
R23,Chennai Central to Gummidipoondi,North Line,15,Ponneri,6,63,Interchange/major terminal
R23,Chennai Central to Gummidipoondi,North Line,16,Kavaraippettai,6,69,
R23,Chennai Central to Gummidipoondi,North Line,17,Gummidipoondi,8,77,Interchange/major terminal
R24,Gummidipoondi to Chennai Central,North Line,1,Gummidipoondi,0,0,Interchange/major terminal
R24,Gummidipoondi to Chennai Central,North Line,2,Kavaraippettai,8,8,
R24,Gummidipoondi to Chennai Central,North Line,3,Ponneri,6,14,Interchange/major terminal
R24,Gummidipoondi to Chennai Central,North Line,4,Anuppampattu,6,20,
R24,Gummidipoondi to Chennai Central,North Line,5,Minjur,5,25,
R24,Gummidipoondi to Chennai Central,North Line,6,Nandiambakkam,5,30,
R24,Gummidipoondi to Chennai Central,North Line,7,Athipattu,4,34,
R24,Gummidipoondi to Chennai Central,North Line,8,Athipattu Pudhunagar,4,38,
R24,Gummidipoondi to Chennai Central,North Line,9,Ennore,5,43,
R24,Gummidipoondi to Chennai Central,North Line,10,Kathivakkam,5,48,
R24,Gummidipoondi to Chennai Central,North Line,11,Wimco Nagar,4,52,
R24,Gummidipoondi to Chennai Central,North Line,12,Tiruvottiyur,4,56,
R24,Gummidipoondi to Chennai Central,North Line,13,V.O.C. Nagar,5,61,
R24,Gummidipoondi to Chennai Central,North Line,14,Tondiarpet,3,64,
R24,Gummidipoondi to Chennai Central,North Line,15,Korukkupet,4,68,
R24,Gummidipoondi to Chennai Central,North Line,16,Basin Bridge,5,73,
R24,Gummidipoondi to Chennai Central,North Line,17,Chennai Central,4,77,Interchange/major terminal
R25,Chennai Central to Sullurpeta,North Line,1,Chennai Central,0,0,Interchange/major terminal
R25,Chennai Central to Sullurpeta,North Line,2,Basin Bridge,4,4,
R25,Chennai Central to Sullurpeta,North Line,3,Korukkupet,5,9,
R25,Chennai Central to Sullurpeta,North Line,4,Tondiarpet,4,13,
R25,Chennai Central to Sullurpeta,North Line,5,V.O.C. Nagar,3,16,
R25,Chennai Central to Sullurpeta,North Line,6,Tiruvottiyur,5,21,
R25,Chennai Central to Sullurpeta,North Line,7,Wimco Nagar,4,25,
R25,Chennai Central to Sullurpeta,North Line,8,Kathivakkam,4,29,
R25,Chennai Central to Sullurpeta,North Line,9,Ennore,5,34,
R25,Chennai Central to Sullurpeta,North Line,10,Athipattu Pudhunagar,5,39,
R25,Chennai Central to Sullurpeta,North Line,11,Athipattu,4,43,
R25,Chennai Central to Sullurpeta,North Line,12,Nandiambakkam,4,47,
R25,Chennai Central to Sullurpeta,North Line,13,Minjur,5,52,
R25,Chennai Central to Sullurpeta,North Line,14,Anuppampattu,5,57,
R25,Chennai Central to Sullurpeta,North Line,15,Ponneri,6,63,Interchange/major terminal
R25,Chennai Central to Sullurpeta,North Line,16,Kavaraippettai,6,69,
R25,Chennai Central to Sullurpeta,North Line,17,Gummidipoondi,8,77,Interchange/major terminal
R25,Chennai Central to Sullurpeta,North Line,18,Elavur,8,85,
R25,Chennai Central to Sullurpeta,North Line,19,Arambakkam,8,93,
R25,Chennai Central to Sullurpeta,North Line,20,Tada,10,103,
R25,Chennai Central to Sullurpeta,North Line,21,Akkampet,8,111,
R25,Chennai Central to Sullurpeta,North Line,22,Sullurpeta,10,121,Interchange/major terminal
R26,Sullurpeta to Chennai Central,North Line,1,Sullurpeta,0,0,Interchange/major terminal
R26,Sullurpeta to Chennai Central,North Line,2,Akkampet,10,10,
R26,Sullurpeta to Chennai Central,North Line,3,Tada,8,18,
R26,Sullurpeta to Chennai Central,North Line,4,Arambakkam,10,28,
R26,Sullurpeta to Chennai Central,North Line,5,Elavur,8,36,
R26,Sullurpeta to Chennai Central,North Line,6,Gummidipoondi,8,44,Interchange/major terminal
R26,Sullurpeta to Chennai Central,North Line,7,Kavaraippettai,8,52,
R26,Sullurpeta to Chennai Central,North Line,8,Ponneri,6,58,Interchange/major terminal
R26,Sullurpeta to Chennai Central,North Line,9,Anuppampattu,6,64,
R26,Sullurpeta to Chennai Central,North Line,10,Minjur,5,69,
R26,Sullurpeta to Chennai Central,North Line,11,Nandiambakkam,5,74,
R26,Sullurpeta to Chennai Central,North Line,12,Athipattu,4,78,
R26,Sullurpeta to Chennai Central,North Line,13,Athipattu Pudhunagar,4,82,
R26,Sullurpeta to Chennai Central,North Line,14,Ennore,5,87,
R26,Sullurpeta to Chennai Central,North Line,15,Kathivakkam,5,92,
R26,Sullurpeta to Chennai Central,North Line,16,Wimco Nagar,4,96,
R26,Sullurpeta to Chennai Central,North Line,17,Tiruvottiyur,4,100,
R26,Sullurpeta to Chennai Central,North Line,18,V.O.C. Nagar,5,105,
R26,Sullurpeta to Chennai Central,North Line,19,Tondiarpet,3,108,
R26,Sullurpeta to Chennai Central,North Line,20,Korukkupet,4,112,
R26,Sullurpeta to Chennai Central,North Line,21,Basin Bridge,5,117,
R26,Sullurpeta to Chennai Central,North Line,22,Chennai Central,4,121,Interchange/major terminal
R27,Sullurpeta to Chennai Beach,North Line,1,Sullurpeta,0,0,Interchange/major terminal
R27,Sullurpeta to Chennai Beach,North Line,2,Akkampet,10,10,
R27,Sullurpeta to Chennai Beach,North Line,3,Tada,8,18,
R27,Sullurpeta to Chennai Beach,North Line,4,Arambakkam,10,28,
R27,Sullurpeta to Chennai Beach,North Line,5,Elavur,8,36,
R27,Sullurpeta to Chennai Beach,North Line,6,Gummidipoondi,8,44,Interchange/major terminal
R27,Sullurpeta to Chennai Beach,North Line,7,Kavaraippettai,8,52,
R27,Sullurpeta to Chennai Beach,North Line,8,Ponneri,6,58,Interchange/major terminal
R27,Sullurpeta to Chennai Beach,North Line,9,Anuppampattu,6,64,
R27,Sullurpeta to Chennai Beach,North Line,10,Minjur,5,69,
R27,Sullurpeta to Chennai Beach,North Line,11,Nandiambakkam,5,74,
R27,Sullurpeta to Chennai Beach,North Line,12,Athipattu,4,78,
R27,Sullurpeta to Chennai Beach,North Line,13,Athipattu Pudhunagar,4,82,
R27,Sullurpeta to Chennai Beach,North Line,14,Ennore,5,87,
R27,Sullurpeta to Chennai Beach,North Line,15,Kathivakkam,5,92,
R27,Sullurpeta to Chennai Beach,North Line,16,Wimco Nagar,4,96,
R27,Sullurpeta to Chennai Beach,North Line,17,Tiruvottiyur,4,100,
R27,Sullurpeta to Chennai Beach,North Line,18,V.O.C. Nagar,5,105,
R27,Sullurpeta to Chennai Beach,North Line,19,Tondiarpet,3,108,
R27,Sullurpeta to Chennai Beach,North Line,20,Korukkupet,4,112,
R27,Sullurpeta to Chennai Beach,North Line,21,Washermanpet,5,117,
R27,Sullurpeta to Chennai Beach,North Line,22,Royapuram,4,121,
R27,Sullurpeta to Chennai Beach,North Line,23,Chennai Beach,4,125,Interchange/major terminal
R28,Chennai Beach to Sullurpeta,North Line,1,Chennai Beach,0,0,Interchange/major terminal
R28,Chennai Beach to Sullurpeta,North Line,2,Royapuram,4,4,
R28,Chennai Beach to Sullurpeta,North Line,3,Washermanpet,4,8,
R28,Chennai Beach to Sullurpeta,North Line,4,Korukkupet,5,13,
R28,Chennai Beach to Sullurpeta,North Line,5,Tondiarpet,4,17,
R28,Chennai Beach to Sullurpeta,North Line,6,V.O.C. Nagar,3,20,
R28,Chennai Beach to Sullurpeta,North Line,7,Tiruvottiyur,5,25,
R28,Chennai Beach to Sullurpeta,North Line,8,Wimco Nagar,4,29,
R28,Chennai Beach to Sullurpeta,North Line,9,Kathivakkam,4,33,
R28,Chennai Beach to Sullurpeta,North Line,10,Ennore,5,38,
R28,Chennai Beach to Sullurpeta,North Line,11,Athipattu Pudhunagar,5,43,
R28,Chennai Beach to Sullurpeta,North Line,12,Athipattu,4,47,
R28,Chennai Beach to Sullurpeta,North Line,13,Nandiambakkam,4,51,
R28,Chennai Beach to Sullurpeta,North Line,14,Minjur,5,56,
R28,Chennai Beach to Sullurpeta,North Line,15,Anuppampattu,5,61,
R28,Chennai Beach to Sullurpeta,North Line,16,Ponneri,6,67,Interchange/major terminal
R28,Chennai Beach to Sullurpeta,North Line,17,Kavaraippettai,6,73,
R28,Chennai Beach to Sullurpeta,North Line,18,Gummidipoondi,8,81,Interchange/major terminal
R28,Chennai Beach to Sullurpeta,North Line,19,Elavur,8,89,
R28,Chennai Beach to Sullurpeta,North Line,20,Arambakkam,8,97,
R28,Chennai Beach to Sullurpeta,North Line,21,Tada,10,107,
R28,Chennai Beach to Sullurpeta,North Line,22,Akkampet,8,115,
R28,Chennai Beach to Sullurpeta,North Line,23,Sullurpeta,10,125,Interchange/major terminal
R29,Sullurpeta to Gummidipoondi,North Line,1,Sullurpeta,0,0,Interchange/major terminal
R29,Sullurpeta to Gummidipoondi,North Line,2,Akkampet,10,10,
R29,Sullurpeta to Gummidipoondi,North Line,3,Tada,8,18,
R29,Sullurpeta to Gummidipoondi,North Line,4,Arambakkam,10,28,
R29,Sullurpeta to Gummidipoondi,North Line,5,Elavur,8,36,
R29,Sullurpeta to Gummidipoondi,North Line,6,Gummidipoondi,8,44,Interchange/major terminal
R30,Gummidipoondi to Sullurpeta,North Line,1,Gummidipoondi,0,0,Interchange/major terminal
R30,Gummidipoondi to Sullurpeta,North Line,2,Elavur,8,8,
R30,Gummidipoondi to Sullurpeta,North Line,3,Arambakkam,8,16,
R30,Gummidipoondi to Sullurpeta,North Line,4,Tada,10,26,
R30,Gummidipoondi to Sullurpeta,North Line,5,Akkampet,8,34,
R30,Gummidipoondi to Sullurpeta,North Line,6,Sullurpeta,10,44,Interchange/major terminal
R31,Sullurpeta to Velachery via Chennai Beach,North + MRTS,1,Sullurpeta,0,0,Interchange/major terminal
R31,Sullurpeta to Velachery via Chennai Beach,North + MRTS,2,Akkampet,10,10,
R31,Sullurpeta to Velachery via Chennai Beach,North + MRTS,3,Tada,8,18,
R31,Sullurpeta to Velachery via Chennai Beach,North + MRTS,4,Arambakkam,10,28,
R31,Sullurpeta to Velachery via Chennai Beach,North + MRTS,5,Elavur,8,36,
R31,Sullurpeta to Velachery via Chennai Beach,North + MRTS,6,Gummidipoondi,8,44,Interchange/major terminal
R31,Sullurpeta to Velachery via Chennai Beach,North + MRTS,7,Kavaraippettai,8,52,
R31,Sullurpeta to Velachery via Chennai Beach,North + MRTS,8,Ponneri,6,58,Interchange/major terminal
R31,Sullurpeta to Velachery via Chennai Beach,North + MRTS,9,Anuppampattu,6,64,
R31,Sullurpeta to Velachery via Chennai Beach,North + MRTS,10,Minjur,5,69,
R31,Sullurpeta to Velachery via Chennai Beach,North + MRTS,11,Nandiambakkam,5,74,
R31,Sullurpeta to Velachery via Chennai Beach,North + MRTS,12,Athipattu,4,78,
R31,Sullurpeta to Velachery via Chennai Beach,North + MRTS,13,Athipattu Pudhunagar,4,82,
R31,Sullurpeta to Velachery via Chennai Beach,North + MRTS,14,Ennore,5,87,
R31,Sullurpeta to Velachery via Chennai Beach,North + MRTS,15,Kathivakkam,5,92,
R31,Sullurpeta to Velachery via Chennai Beach,North + MRTS,16,Wimco Nagar,4,96,
R31,Sullurpeta to Velachery via Chennai Beach,North + MRTS,17,Tiruvottiyur,4,100,
R31,Sullurpeta to Velachery via Chennai Beach,North + MRTS,18,V.O.C. Nagar,5,105,
R31,Sullurpeta to Velachery via Chennai Beach,North + MRTS,19,Tondiarpet,3,108,
R31,Sullurpeta to Velachery via Chennai Beach,North + MRTS,20,Korukkupet,4,112,
R31,Sullurpeta to Velachery via Chennai Beach,North + MRTS,21,Washermanpet,5,117,
R31,Sullurpeta to Velachery via Chennai Beach,North + MRTS,22,Royapuram,4,121,
R31,Sullurpeta to Velachery via Chennai Beach,North + MRTS,23,Chennai Beach,4,125,Interchange/major terminal
R31,Sullurpeta to Velachery via Chennai Beach,North + MRTS,24,Chennai Fort,4,129,Interchange/major terminal
R31,Sullurpeta to Velachery via Chennai Beach,North + MRTS,25,Park Town,3,132,
R31,Sullurpeta to Velachery via Chennai Beach,North + MRTS,26,Chintadripet,3,135,
R31,Sullurpeta to Velachery via Chennai Beach,North + MRTS,27,Chepauk,3,138,
R31,Sullurpeta to Velachery via Chennai Beach,North + MRTS,28,Thiruvallikeni,3,141,
R31,Sullurpeta to Velachery via Chennai Beach,North + MRTS,29,Light House,3,144,
R31,Sullurpeta to Velachery via Chennai Beach,North + MRTS,30,Mundakakanni Amman Koil,3,147,
R31,Sullurpeta to Velachery via Chennai Beach,North + MRTS,31,Thirumayilai,3,150,
R31,Sullurpeta to Velachery via Chennai Beach,North + MRTS,32,Mandaveli,3,153,
R31,Sullurpeta to Velachery via Chennai Beach,North + MRTS,33,Greenways Road,3,156,
R31,Sullurpeta to Velachery via Chennai Beach,North + MRTS,34,Kotturpuram,3,159,
R31,Sullurpeta to Velachery via Chennai Beach,North + MRTS,35,Kasturba Nagar,3,162,
R31,Sullurpeta to Velachery via Chennai Beach,North + MRTS,36,Indira Nagar,3,165,
R31,Sullurpeta to Velachery via Chennai Beach,North + MRTS,37,Thiruvanmiyur,4,169,
R31,Sullurpeta to Velachery via Chennai Beach,North + MRTS,38,Taramani,4,173,
R31,Sullurpeta to Velachery via Chennai Beach,North + MRTS,39,Perungudi,4,177,
R31,Sullurpeta to Velachery via Chennai Beach,North + MRTS,40,Velachery,5,182,Interchange/major terminal
R32,Velachery to Sullurpeta via Chennai Beach,MRTS + North,1,Velachery,0,0,Interchange/major terminal
R32,Velachery to Sullurpeta via Chennai Beach,MRTS + North,2,Perungudi,5,5,
R32,Velachery to Sullurpeta via Chennai Beach,MRTS + North,3,Taramani,4,9,
R32,Velachery to Sullurpeta via Chennai Beach,MRTS + North,4,Thiruvanmiyur,4,13,
R32,Velachery to Sullurpeta via Chennai Beach,MRTS + North,5,Indira Nagar,4,17,
R32,Velachery to Sullurpeta via Chennai Beach,MRTS + North,6,Kasturba Nagar,3,20,
R32,Velachery to Sullurpeta via Chennai Beach,MRTS + North,7,Kotturpuram,3,23,
R32,Velachery to Sullurpeta via Chennai Beach,MRTS + North,8,Greenways Road,3,26,
R32,Velachery to Sullurpeta via Chennai Beach,MRTS + North,9,Mandaveli,3,29,
R32,Velachery to Sullurpeta via Chennai Beach,MRTS + North,10,Thirumayilai,3,32,
R32,Velachery to Sullurpeta via Chennai Beach,MRTS + North,11,Mundakakanni Amman Koil,3,35,
R32,Velachery to Sullurpeta via Chennai Beach,MRTS + North,12,Light House,3,38,
R32,Velachery to Sullurpeta via Chennai Beach,MRTS + North,13,Thiruvallikeni,3,41,
R32,Velachery to Sullurpeta via Chennai Beach,MRTS + North,14,Chepauk,3,44,
R32,Velachery to Sullurpeta via Chennai Beach,MRTS + North,15,Chintadripet,3,47,
R32,Velachery to Sullurpeta via Chennai Beach,MRTS + North,16,Park Town,3,50,
R32,Velachery to Sullurpeta via Chennai Beach,MRTS + North,17,Chennai Fort,3,53,Interchange/major terminal
R32,Velachery to Sullurpeta via Chennai Beach,MRTS + North,18,Chennai Beach,4,57,Interchange/major terminal
R32,Velachery to Sullurpeta via Chennai Beach,MRTS + North,19,Royapuram,4,61,
R32,Velachery to Sullurpeta via Chennai Beach,MRTS + North,20,Washermanpet,4,65,
R32,Velachery to Sullurpeta via Chennai Beach,MRTS + North,21,Korukkupet,5,70,
R32,Velachery to Sullurpeta via Chennai Beach,MRTS + North,22,Tondiarpet,4,74,
R32,Velachery to Sullurpeta via Chennai Beach,MRTS + North,23,V.O.C. Nagar,3,77,
R32,Velachery to Sullurpeta via Chennai Beach,MRTS + North,24,Tiruvottiyur,5,82,
R32,Velachery to Sullurpeta via Chennai Beach,MRTS + North,25,Wimco Nagar,4,86,
R32,Velachery to Sullurpeta via Chennai Beach,MRTS + North,26,Kathivakkam,4,90,
R32,Velachery to Sullurpeta via Chennai Beach,MRTS + North,27,Ennore,5,95,
R32,Velachery to Sullurpeta via Chennai Beach,MRTS + North,28,Athipattu Pudhunagar,5,100,
R32,Velachery to Sullurpeta via Chennai Beach,MRTS + North,29,Athipattu,4,104,
R32,Velachery to Sullurpeta via Chennai Beach,MRTS + North,30,Nandiambakkam,4,108,
R32,Velachery to Sullurpeta via Chennai Beach,MRTS + North,31,Minjur,5,113,
R32,Velachery to Sullurpeta via Chennai Beach,MRTS + North,32,Anuppampattu,5,118,
R32,Velachery to Sullurpeta via Chennai Beach,MRTS + North,33,Ponneri,6,124,Interchange/major terminal
R32,Velachery to Sullurpeta via Chennai Beach,MRTS + North,34,Kavaraippettai,6,130,
R32,Velachery to Sullurpeta via Chennai Beach,MRTS + North,35,Gummidipoondi,8,138,Interchange/major terminal
R32,Velachery to Sullurpeta via Chennai Beach,MRTS + North,36,Elavur,8,146,
R32,Velachery to Sullurpeta via Chennai Beach,MRTS + North,37,Arambakkam,8,154,
R32,Velachery to Sullurpeta via Chennai Beach,MRTS + North,38,Tada,10,164,
R32,Velachery to Sullurpeta via Chennai Beach,MRTS + North,39,Akkampet,8,172,
R32,Velachery to Sullurpeta via Chennai Beach,MRTS + North,40,Sullurpeta,10,182,Interchange/major terminal
R33,Velachery to Ponneri via Chennai Beach,MRTS + North,1,Velachery,0,0,Interchange/major terminal
R33,Velachery to Ponneri via Chennai Beach,MRTS + North,2,Perungudi,5,5,
R33,Velachery to Ponneri via Chennai Beach,MRTS + North,3,Taramani,4,9,
R33,Velachery to Ponneri via Chennai Beach,MRTS + North,4,Thiruvanmiyur,4,13,
R33,Velachery to Ponneri via Chennai Beach,MRTS + North,5,Indira Nagar,4,17,
R33,Velachery to Ponneri via Chennai Beach,MRTS + North,6,Kasturba Nagar,3,20,
R33,Velachery to Ponneri via Chennai Beach,MRTS + North,7,Kotturpuram,3,23,
R33,Velachery to Ponneri via Chennai Beach,MRTS + North,8,Greenways Road,3,26,
R33,Velachery to Ponneri via Chennai Beach,MRTS + North,9,Mandaveli,3,29,
R33,Velachery to Ponneri via Chennai Beach,MRTS + North,10,Thirumayilai,3,32,
R33,Velachery to Ponneri via Chennai Beach,MRTS + North,11,Mundakakanni Amman Koil,3,35,
R33,Velachery to Ponneri via Chennai Beach,MRTS + North,12,Light House,3,38,
R33,Velachery to Ponneri via Chennai Beach,MRTS + North,13,Thiruvallikeni,3,41,
R33,Velachery to Ponneri via Chennai Beach,MRTS + North,14,Chepauk,3,44,
R33,Velachery to Ponneri via Chennai Beach,MRTS + North,15,Chintadripet,3,47,
R33,Velachery to Ponneri via Chennai Beach,MRTS + North,16,Park Town,3,50,
R33,Velachery to Ponneri via Chennai Beach,MRTS + North,17,Chennai Fort,3,53,Interchange/major terminal
R33,Velachery to Ponneri via Chennai Beach,MRTS + North,18,Chennai Beach,4,57,Interchange/major terminal
R33,Velachery to Ponneri via Chennai Beach,MRTS + North,19,Royapuram,4,61,
R33,Velachery to Ponneri via Chennai Beach,MRTS + North,20,Washermanpet,4,65,
R33,Velachery to Ponneri via Chennai Beach,MRTS + North,21,Korukkupet,5,70,
R33,Velachery to Ponneri via Chennai Beach,MRTS + North,22,Tondiarpet,4,74,
R33,Velachery to Ponneri via Chennai Beach,MRTS + North,23,V.O.C. Nagar,3,77,
R33,Velachery to Ponneri via Chennai Beach,MRTS + North,24,Tiruvottiyur,5,82,
R33,Velachery to Ponneri via Chennai Beach,MRTS + North,25,Wimco Nagar,4,86,
R33,Velachery to Ponneri via Chennai Beach,MRTS + North,26,Kathivakkam,4,90,
R33,Velachery to Ponneri via Chennai Beach,MRTS + North,27,Ennore,5,95,
R33,Velachery to Ponneri via Chennai Beach,MRTS + North,28,Athipattu Pudhunagar,5,100,
R33,Velachery to Ponneri via Chennai Beach,MRTS + North,29,Athipattu,4,104,
R33,Velachery to Ponneri via Chennai Beach,MRTS + North,30,Nandiambakkam,4,108,
R33,Velachery to Ponneri via Chennai Beach,MRTS + North,31,Minjur,5,113,
R33,Velachery to Ponneri via Chennai Beach,MRTS + North,32,Anuppampattu,5,118,
R33,Velachery to Ponneri via Chennai Beach,MRTS + North,33,Ponneri,6,124,Interchange/major terminal
R34,Ponneri to Velachery via Chennai Beach,North + MRTS,1,Ponneri,0,0,Interchange/major terminal
R34,Ponneri to Velachery via Chennai Beach,North + MRTS,2,Anuppampattu,6,6,
R34,Ponneri to Velachery via Chennai Beach,North + MRTS,3,Minjur,5,11,
R34,Ponneri to Velachery via Chennai Beach,North + MRTS,4,Nandiambakkam,5,16,
R34,Ponneri to Velachery via Chennai Beach,North + MRTS,5,Athipattu,4,20,
R34,Ponneri to Velachery via Chennai Beach,North + MRTS,6,Athipattu Pudhunagar,4,24,
R34,Ponneri to Velachery via Chennai Beach,North + MRTS,7,Ennore,5,29,
R34,Ponneri to Velachery via Chennai Beach,North + MRTS,8,Kathivakkam,5,34,
R34,Ponneri to Velachery via Chennai Beach,North + MRTS,9,Wimco Nagar,4,38,
R34,Ponneri to Velachery via Chennai Beach,North + MRTS,10,Tiruvottiyur,4,42,
R34,Ponneri to Velachery via Chennai Beach,North + MRTS,11,V.O.C. Nagar,5,47,
R34,Ponneri to Velachery via Chennai Beach,North + MRTS,12,Tondiarpet,3,50,
R34,Ponneri to Velachery via Chennai Beach,North + MRTS,13,Korukkupet,4,54,
R34,Ponneri to Velachery via Chennai Beach,North + MRTS,14,Washermanpet,5,59,
R34,Ponneri to Velachery via Chennai Beach,North + MRTS,15,Royapuram,4,63,
R34,Ponneri to Velachery via Chennai Beach,North + MRTS,16,Chennai Beach,4,67,Interchange/major terminal
R34,Ponneri to Velachery via Chennai Beach,North + MRTS,17,Chennai Fort,4,71,Interchange/major terminal
R34,Ponneri to Velachery via Chennai Beach,North + MRTS,18,Park Town,3,74,
R34,Ponneri to Velachery via Chennai Beach,North + MRTS,19,Chintadripet,3,77,
R34,Ponneri to Velachery via Chennai Beach,North + MRTS,20,Chepauk,3,80,
R34,Ponneri to Velachery via Chennai Beach,North + MRTS,21,Thiruvallikeni,3,83,
R34,Ponneri to Velachery via Chennai Beach,North + MRTS,22,Light House,3,86,
R34,Ponneri to Velachery via Chennai Beach,North + MRTS,23,Mundakakanni Amman Koil,3,89,
R34,Ponneri to Velachery via Chennai Beach,North + MRTS,24,Thirumayilai,3,92,
R34,Ponneri to Velachery via Chennai Beach,North + MRTS,25,Mandaveli,3,95,
R34,Ponneri to Velachery via Chennai Beach,North + MRTS,26,Greenways Road,3,98,
R34,Ponneri to Velachery via Chennai Beach,North + MRTS,27,Kotturpuram,3,101,
R34,Ponneri to Velachery via Chennai Beach,North + MRTS,28,Kasturba Nagar,3,104,
R34,Ponneri to Velachery via Chennai Beach,North + MRTS,29,Indira Nagar,3,107,
R34,Ponneri to Velachery via Chennai Beach,North + MRTS,30,Thiruvanmiyur,4,111,
R34,Ponneri to Velachery via Chennai Beach,North + MRTS,31,Taramani,4,115,
R34,Ponneri to Velachery via Chennai Beach,North + MRTS,32,Perungudi,4,119,
R34,Ponneri to Velachery via Chennai Beach,North + MRTS,33,Velachery,5,124,Interchange/major terminal
R35,Velachery to Avadi via Chennai Beach,MRTS + West,1,Velachery,0,0,Interchange/major terminal
R35,Velachery to Avadi via Chennai Beach,MRTS + West,2,Perungudi,5,5,
R35,Velachery to Avadi via Chennai Beach,MRTS + West,3,Taramani,4,9,
R35,Velachery to Avadi via Chennai Beach,MRTS + West,4,Thiruvanmiyur,4,13,
R35,Velachery to Avadi via Chennai Beach,MRTS + West,5,Indira Nagar,4,17,
R35,Velachery to Avadi via Chennai Beach,MRTS + West,6,Kasturba Nagar,3,20,
R35,Velachery to Avadi via Chennai Beach,MRTS + West,7,Kotturpuram,3,23,
R35,Velachery to Avadi via Chennai Beach,MRTS + West,8,Greenways Road,3,26,
R35,Velachery to Avadi via Chennai Beach,MRTS + West,9,Mandaveli,3,29,
R35,Velachery to Avadi via Chennai Beach,MRTS + West,10,Thirumayilai,3,32,
R35,Velachery to Avadi via Chennai Beach,MRTS + West,11,Mundakakanni Amman Koil,3,35,
R35,Velachery to Avadi via Chennai Beach,MRTS + West,12,Light House,3,38,
R35,Velachery to Avadi via Chennai Beach,MRTS + West,13,Thiruvallikeni,3,41,
R35,Velachery to Avadi via Chennai Beach,MRTS + West,14,Chepauk,3,44,
R35,Velachery to Avadi via Chennai Beach,MRTS + West,15,Chintadripet,3,47,
R35,Velachery to Avadi via Chennai Beach,MRTS + West,16,Park Town,3,50,
R35,Velachery to Avadi via Chennai Beach,MRTS + West,17,Chennai Fort,3,53,Interchange/major terminal
R35,Velachery to Avadi via Chennai Beach,MRTS + West,18,Chennai Beach,4,57,Interchange/major terminal
R35,Velachery to Avadi via Chennai Beach,MRTS + West,19,Chennai Fort,4,61,Interchange/major terminal
R35,Velachery to Avadi via Chennai Beach,MRTS + West,20,Chennai Park,3,64,Interchange/major terminal
R35,Velachery to Avadi via Chennai Beach,MRTS + West,21,Chennai Central,4,68,Interchange/major terminal
R35,Velachery to Avadi via Chennai Beach,MRTS + West,22,Basin Bridge,4,72,
R35,Velachery to Avadi via Chennai Beach,MRTS + West,23,Vyasarpadi Jeeva,4,76,
R35,Velachery to Avadi via Chennai Beach,MRTS + West,24,Perambur,3,79,
R35,Velachery to Avadi via Chennai Beach,MRTS + West,25,Perambur Carriage Works,3,82,
R35,Velachery to Avadi via Chennai Beach,MRTS + West,26,Perambur Loco Works,3,85,
R35,Velachery to Avadi via Chennai Beach,MRTS + West,27,Villivakkam,4,89,
R35,Velachery to Avadi via Chennai Beach,MRTS + West,28,Korattur,5,94,
R35,Velachery to Avadi via Chennai Beach,MRTS + West,29,Pattaravakkam,4,98,
R35,Velachery to Avadi via Chennai Beach,MRTS + West,30,Ambattur,4,102,
R35,Velachery to Avadi via Chennai Beach,MRTS + West,31,Tirumullaivoyal,4,106,
R35,Velachery to Avadi via Chennai Beach,MRTS + West,32,Annanur,3,109,
R35,Velachery to Avadi via Chennai Beach,MRTS + West,33,Avadi,4,113,Interchange/major terminal
R36,Avadi to Velachery via Chennai Beach,West + MRTS,1,Avadi,0,0,Interchange/major terminal
R36,Avadi to Velachery via Chennai Beach,West + MRTS,2,Annanur,4,4,
R36,Avadi to Velachery via Chennai Beach,West + MRTS,3,Tirumullaivoyal,3,7,
R36,Avadi to Velachery via Chennai Beach,West + MRTS,4,Ambattur,4,11,
R36,Avadi to Velachery via Chennai Beach,West + MRTS,5,Pattaravakkam,4,15,
R36,Avadi to Velachery via Chennai Beach,West + MRTS,6,Korattur,4,19,
R36,Avadi to Velachery via Chennai Beach,West + MRTS,7,Villivakkam,5,24,
R36,Avadi to Velachery via Chennai Beach,West + MRTS,8,Perambur Loco Works,4,28,
R36,Avadi to Velachery via Chennai Beach,West + MRTS,9,Perambur Carriage Works,3,31,
R36,Avadi to Velachery via Chennai Beach,West + MRTS,10,Perambur,3,34,
R36,Avadi to Velachery via Chennai Beach,West + MRTS,11,Vyasarpadi Jeeva,3,37,
R36,Avadi to Velachery via Chennai Beach,West + MRTS,12,Basin Bridge,4,41,
R36,Avadi to Velachery via Chennai Beach,West + MRTS,13,Chennai Central,4,45,Interchange/major terminal
R36,Avadi to Velachery via Chennai Beach,West + MRTS,14,Chennai Park,4,49,Interchange/major terminal
R36,Avadi to Velachery via Chennai Beach,West + MRTS,15,Chennai Fort,3,52,Interchange/major terminal
R36,Avadi to Velachery via Chennai Beach,West + MRTS,16,Chennai Beach,4,56,Interchange/major terminal
R36,Avadi to Velachery via Chennai Beach,West + MRTS,17,Chennai Fort,4,60,Interchange/major terminal
R36,Avadi to Velachery via Chennai Beach,West + MRTS,18,Park Town,3,63,
R36,Avadi to Velachery via Chennai Beach,West + MRTS,19,Chintadripet,3,66,
R36,Avadi to Velachery via Chennai Beach,West + MRTS,20,Chepauk,3,69,
R36,Avadi to Velachery via Chennai Beach,West + MRTS,21,Thiruvallikeni,3,72,
R36,Avadi to Velachery via Chennai Beach,West + MRTS,22,Light House,3,75,
R36,Avadi to Velachery via Chennai Beach,West + MRTS,23,Mundakakanni Amman Koil,3,78,
R36,Avadi to Velachery via Chennai Beach,West + MRTS,24,Thirumayilai,3,81,
R36,Avadi to Velachery via Chennai Beach,West + MRTS,25,Mandaveli,3,84,
R36,Avadi to Velachery via Chennai Beach,West + MRTS,26,Greenways Road,3,87,
R36,Avadi to Velachery via Chennai Beach,West + MRTS,27,Kotturpuram,3,90,
R36,Avadi to Velachery via Chennai Beach,West + MRTS,28,Kasturba Nagar,3,93,
R36,Avadi to Velachery via Chennai Beach,West + MRTS,29,Indira Nagar,3,96,
R36,Avadi to Velachery via Chennai Beach,West + MRTS,30,Thiruvanmiyur,4,100,
R36,Avadi to Velachery via Chennai Beach,West + MRTS,31,Taramani,4,104,
R36,Avadi to Velachery via Chennai Beach,West + MRTS,32,Perungudi,4,108,
R36,Avadi to Velachery via Chennai Beach,West + MRTS,33,Velachery,5,113,Interchange/major terminal
R37,Chennai Beach to Avadi,West Line,1,Chennai Beach,0,0,Interchange/major terminal
R37,Chennai Beach to Avadi,West Line,2,Chennai Fort,4,4,Interchange/major terminal
R37,Chennai Beach to Avadi,West Line,3,Chennai Park,3,7,Interchange/major terminal
R37,Chennai Beach to Avadi,West Line,4,Chennai Central,4,11,Interchange/major terminal
R37,Chennai Beach to Avadi,West Line,5,Basin Bridge,4,15,
R37,Chennai Beach to Avadi,West Line,6,Vyasarpadi Jeeva,4,19,
R37,Chennai Beach to Avadi,West Line,7,Perambur,3,22,
R37,Chennai Beach to Avadi,West Line,8,Perambur Carriage Works,3,25,
R37,Chennai Beach to Avadi,West Line,9,Perambur Loco Works,3,28,
R37,Chennai Beach to Avadi,West Line,10,Villivakkam,4,32,
R37,Chennai Beach to Avadi,West Line,11,Korattur,5,37,
R37,Chennai Beach to Avadi,West Line,12,Pattaravakkam,4,41,
R37,Chennai Beach to Avadi,West Line,13,Ambattur,4,45,
R37,Chennai Beach to Avadi,West Line,14,Tirumullaivoyal,4,49,
R37,Chennai Beach to Avadi,West Line,15,Annanur,3,52,
R37,Chennai Beach to Avadi,West Line,16,Avadi,4,56,Interchange/major terminal
R38,Avadi to Chennai Beach,West Line,1,Avadi,0,0,Interchange/major terminal
R38,Avadi to Chennai Beach,West Line,2,Annanur,4,4,
R38,Avadi to Chennai Beach,West Line,3,Tirumullaivoyal,3,7,
R38,Avadi to Chennai Beach,West Line,4,Ambattur,4,11,
R38,Avadi to Chennai Beach,West Line,5,Pattaravakkam,4,15,
R38,Avadi to Chennai Beach,West Line,6,Korattur,4,19,
R38,Avadi to Chennai Beach,West Line,7,Villivakkam,5,24,
R38,Avadi to Chennai Beach,West Line,8,Perambur Loco Works,4,28,
R38,Avadi to Chennai Beach,West Line,9,Perambur Carriage Works,3,31,
R38,Avadi to Chennai Beach,West Line,10,Perambur,3,34,
R38,Avadi to Chennai Beach,West Line,11,Vyasarpadi Jeeva,3,37,
R38,Avadi to Chennai Beach,West Line,12,Basin Bridge,4,41,
R38,Avadi to Chennai Beach,West Line,13,Chennai Central,4,45,Interchange/major terminal
R38,Avadi to Chennai Beach,West Line,14,Chennai Park,4,49,Interchange/major terminal
R38,Avadi to Chennai Beach,West Line,15,Chennai Fort,3,52,Interchange/major terminal
R38,Avadi to Chennai Beach,West Line,16,Chennai Beach,4,56,Interchange/major terminal
R39,Chennai Beach to Pattabiram,West Line,1,Chennai Beach,0,0,Interchange/major terminal
R39,Chennai Beach to Pattabiram,West Line,2,Chennai Fort,4,4,Interchange/major terminal
R39,Chennai Beach to Pattabiram,West Line,3,Chennai Park,3,7,Interchange/major terminal
R39,Chennai Beach to Pattabiram,West Line,4,Chennai Central,4,11,Interchange/major terminal
R39,Chennai Beach to Pattabiram,West Line,5,Basin Bridge,4,15,
R39,Chennai Beach to Pattabiram,West Line,6,Vyasarpadi Jeeva,4,19,
R39,Chennai Beach to Pattabiram,West Line,7,Perambur,3,22,
R39,Chennai Beach to Pattabiram,West Line,8,Perambur Carriage Works,3,25,
R39,Chennai Beach to Pattabiram,West Line,9,Perambur Loco Works,3,28,
R39,Chennai Beach to Pattabiram,West Line,10,Villivakkam,4,32,
R39,Chennai Beach to Pattabiram,West Line,11,Korattur,5,37,
R39,Chennai Beach to Pattabiram,West Line,12,Pattaravakkam,4,41,
R39,Chennai Beach to Pattabiram,West Line,13,Ambattur,4,45,
R39,Chennai Beach to Pattabiram,West Line,14,Tirumullaivoyal,4,49,
R39,Chennai Beach to Pattabiram,West Line,15,Annanur,3,52,
R39,Chennai Beach to Pattabiram,West Line,16,Avadi,4,56,Interchange/major terminal
R39,Chennai Beach to Pattabiram,West Line,17,Hindu College,4,60,
R39,Chennai Beach to Pattabiram,West Line,18,Pattabiram,4,64,
R40,Pattabiram to Chennai Beach,West Line,1,Pattabiram,0,0,
R40,Pattabiram to Chennai Beach,West Line,2,Hindu College,4,4,
R40,Pattabiram to Chennai Beach,West Line,3,Avadi,4,8,Interchange/major terminal
R40,Pattabiram to Chennai Beach,West Line,4,Annanur,4,12,
R40,Pattabiram to Chennai Beach,West Line,5,Tirumullaivoyal,3,15,
R40,Pattabiram to Chennai Beach,West Line,6,Ambattur,4,19,
R40,Pattabiram to Chennai Beach,West Line,7,Pattaravakkam,4,23,
R40,Pattabiram to Chennai Beach,West Line,8,Korattur,4,27,
R40,Pattabiram to Chennai Beach,West Line,9,Villivakkam,5,32,
R40,Pattabiram to Chennai Beach,West Line,10,Perambur Loco Works,4,36,
R40,Pattabiram to Chennai Beach,West Line,11,Perambur Carriage Works,3,39,
R40,Pattabiram to Chennai Beach,West Line,12,Perambur,3,42,
R40,Pattabiram to Chennai Beach,West Line,13,Vyasarpadi Jeeva,3,45,
R40,Pattabiram to Chennai Beach,West Line,14,Basin Bridge,4,49,
R40,Pattabiram to Chennai Beach,West Line,15,Chennai Central,4,53,Interchange/major terminal
R40,Pattabiram to Chennai Beach,West Line,16,Chennai Park,4,57,Interchange/major terminal
R40,Pattabiram to Chennai Beach,West Line,17,Chennai Fort,3,60,Interchange/major terminal
R40,Pattabiram to Chennai Beach,West Line,18,Chennai Beach,4,64,Interchange/major terminal
R41,Chennai Beach to Tiruvallur,West Line,1,Chennai Beach,0,0,Interchange/major terminal
R41,Chennai Beach to Tiruvallur,West Line,2,Chennai Fort,4,4,Interchange/major terminal
R41,Chennai Beach to Tiruvallur,West Line,3,Chennai Park,3,7,Interchange/major terminal
R41,Chennai Beach to Tiruvallur,West Line,4,Chennai Central,4,11,Interchange/major terminal
R41,Chennai Beach to Tiruvallur,West Line,5,Basin Bridge,4,15,
R41,Chennai Beach to Tiruvallur,West Line,6,Vyasarpadi Jeeva,4,19,
R41,Chennai Beach to Tiruvallur,West Line,7,Perambur,3,22,
R41,Chennai Beach to Tiruvallur,West Line,8,Perambur Carriage Works,3,25,
R41,Chennai Beach to Tiruvallur,West Line,9,Perambur Loco Works,3,28,
R41,Chennai Beach to Tiruvallur,West Line,10,Villivakkam,4,32,
R41,Chennai Beach to Tiruvallur,West Line,11,Korattur,5,37,
R41,Chennai Beach to Tiruvallur,West Line,12,Pattaravakkam,4,41,
R41,Chennai Beach to Tiruvallur,West Line,13,Ambattur,4,45,
R41,Chennai Beach to Tiruvallur,West Line,14,Tirumullaivoyal,4,49,
R41,Chennai Beach to Tiruvallur,West Line,15,Annanur,3,52,
R41,Chennai Beach to Tiruvallur,West Line,16,Avadi,4,56,Interchange/major terminal
R41,Chennai Beach to Tiruvallur,West Line,17,Hindu College,4,60,
R41,Chennai Beach to Tiruvallur,West Line,18,Pattabiram,4,64,
R41,Chennai Beach to Tiruvallur,West Line,19,Nemilichery,4,68,
R41,Chennai Beach to Tiruvallur,West Line,20,Tiruninravur,5,73,
R41,Chennai Beach to Tiruvallur,West Line,21,Veppampattu,5,78,
R41,Chennai Beach to Tiruvallur,West Line,22,Sevvapet Road,5,83,
R41,Chennai Beach to Tiruvallur,West Line,23,Putlur,4,87,
R41,Chennai Beach to Tiruvallur,West Line,24,Tiruvallur,5,92,
R42,Tiruvallur to Chennai Beach,West Line,1,Tiruvallur,0,0,
R42,Tiruvallur to Chennai Beach,West Line,2,Putlur,5,5,
R42,Tiruvallur to Chennai Beach,West Line,3,Sevvapet Road,4,9,
R42,Tiruvallur to Chennai Beach,West Line,4,Veppampattu,5,14,
R42,Tiruvallur to Chennai Beach,West Line,5,Tiruninravur,5,19,
R42,Tiruvallur to Chennai Beach,West Line,6,Nemilichery,5,24,
R42,Tiruvallur to Chennai Beach,West Line,7,Pattabiram,4,28,
R42,Tiruvallur to Chennai Beach,West Line,8,Hindu College,4,32,
R42,Tiruvallur to Chennai Beach,West Line,9,Avadi,4,36,Interchange/major terminal
R42,Tiruvallur to Chennai Beach,West Line,10,Annanur,4,40,
R42,Tiruvallur to Chennai Beach,West Line,11,Tirumullaivoyal,3,43,
R42,Tiruvallur to Chennai Beach,West Line,12,Ambattur,4,47,
R42,Tiruvallur to Chennai Beach,West Line,13,Pattaravakkam,4,51,
R42,Tiruvallur to Chennai Beach,West Line,14,Korattur,4,55,
R42,Tiruvallur to Chennai Beach,West Line,15,Villivakkam,5,60,
R42,Tiruvallur to Chennai Beach,West Line,16,Perambur Loco Works,4,64,
R42,Tiruvallur to Chennai Beach,West Line,17,Perambur Carriage Works,3,67,
R42,Tiruvallur to Chennai Beach,West Line,18,Perambur,3,70,
R42,Tiruvallur to Chennai Beach,West Line,19,Vyasarpadi Jeeva,3,73,
R42,Tiruvallur to Chennai Beach,West Line,20,Basin Bridge,4,77,
R42,Tiruvallur to Chennai Beach,West Line,21,Chennai Central,4,81,Interchange/major terminal
R42,Tiruvallur to Chennai Beach,West Line,22,Chennai Park,4,85,Interchange/major terminal
R42,Tiruvallur to Chennai Beach,West Line,23,Chennai Fort,3,88,Interchange/major terminal
R42,Tiruvallur to Chennai Beach,West Line,24,Chennai Beach,4,92,Interchange/major terminal
R43,Chennai Beach to Kadambattur,West Line,1,Chennai Beach,0,0,Interchange/major terminal
R43,Chennai Beach to Kadambattur,West Line,2,Chennai Fort,4,4,Interchange/major terminal
R43,Chennai Beach to Kadambattur,West Line,3,Chennai Park,3,7,Interchange/major terminal
R43,Chennai Beach to Kadambattur,West Line,4,Chennai Central,4,11,Interchange/major terminal
R43,Chennai Beach to Kadambattur,West Line,5,Basin Bridge,4,15,
R43,Chennai Beach to Kadambattur,West Line,6,Vyasarpadi Jeeva,4,19,
R43,Chennai Beach to Kadambattur,West Line,7,Perambur,3,22,
R43,Chennai Beach to Kadambattur,West Line,8,Perambur Carriage Works,3,25,
R43,Chennai Beach to Kadambattur,West Line,9,Perambur Loco Works,3,28,
R43,Chennai Beach to Kadambattur,West Line,10,Villivakkam,4,32,
R43,Chennai Beach to Kadambattur,West Line,11,Korattur,5,37,
R43,Chennai Beach to Kadambattur,West Line,12,Pattaravakkam,4,41,
R43,Chennai Beach to Kadambattur,West Line,13,Ambattur,4,45,
R43,Chennai Beach to Kadambattur,West Line,14,Tirumullaivoyal,4,49,
R43,Chennai Beach to Kadambattur,West Line,15,Annanur,3,52,
R43,Chennai Beach to Kadambattur,West Line,16,Avadi,4,56,Interchange/major terminal
R43,Chennai Beach to Kadambattur,West Line,17,Hindu College,4,60,
R43,Chennai Beach to Kadambattur,West Line,18,Pattabiram,4,64,
R43,Chennai Beach to Kadambattur,West Line,19,Nemilichery,4,68,
R43,Chennai Beach to Kadambattur,West Line,20,Tiruninravur,5,73,
R43,Chennai Beach to Kadambattur,West Line,21,Veppampattu,5,78,
R43,Chennai Beach to Kadambattur,West Line,22,Sevvapet Road,5,83,
R43,Chennai Beach to Kadambattur,West Line,23,Putlur,4,87,
R43,Chennai Beach to Kadambattur,West Line,24,Tiruvallur,5,92,
R43,Chennai Beach to Kadambattur,West Line,25,Kadambattur,6,98,
R44,Kadambattur to Chennai Beach,West Line,1,Kadambattur,0,0,
R44,Kadambattur to Chennai Beach,West Line,2,Tiruvallur,6,6,
R44,Kadambattur to Chennai Beach,West Line,3,Putlur,5,11,
R44,Kadambattur to Chennai Beach,West Line,4,Sevvapet Road,4,15,
R44,Kadambattur to Chennai Beach,West Line,5,Veppampattu,5,20,
R44,Kadambattur to Chennai Beach,West Line,6,Tiruninravur,5,25,
R44,Kadambattur to Chennai Beach,West Line,7,Nemilichery,5,30,
R44,Kadambattur to Chennai Beach,West Line,8,Pattabiram,4,34,
R44,Kadambattur to Chennai Beach,West Line,9,Hindu College,4,38,
R44,Kadambattur to Chennai Beach,West Line,10,Avadi,4,42,Interchange/major terminal
R44,Kadambattur to Chennai Beach,West Line,11,Annanur,4,46,
R44,Kadambattur to Chennai Beach,West Line,12,Tirumullaivoyal,3,49,
R44,Kadambattur to Chennai Beach,West Line,13,Ambattur,4,53,
R44,Kadambattur to Chennai Beach,West Line,14,Pattaravakkam,4,57,
R44,Kadambattur to Chennai Beach,West Line,15,Korattur,4,61,
R44,Kadambattur to Chennai Beach,West Line,16,Villivakkam,5,66,
R44,Kadambattur to Chennai Beach,West Line,17,Perambur Loco Works,4,70,
R44,Kadambattur to Chennai Beach,West Line,18,Perambur Carriage Works,3,73,
R44,Kadambattur to Chennai Beach,West Line,19,Perambur,3,76,
R44,Kadambattur to Chennai Beach,West Line,20,Vyasarpadi Jeeva,3,79,
R44,Kadambattur to Chennai Beach,West Line,21,Basin Bridge,4,83,
R44,Kadambattur to Chennai Beach,West Line,22,Chennai Central,4,87,Interchange/major terminal
R44,Kadambattur to Chennai Beach,West Line,23,Chennai Park,4,91,Interchange/major terminal
R44,Kadambattur to Chennai Beach,West Line,24,Chennai Fort,3,94,Interchange/major terminal
R44,Kadambattur to Chennai Beach,West Line,25,Chennai Beach,4,98,Interchange/major terminal
R45,Chennai Central to Avadi,West Line,1,Chennai Central,0,0,Interchange/major terminal
R45,Chennai Central to Avadi,West Line,2,Basin Bridge,4,4,
R45,Chennai Central to Avadi,West Line,3,Vyasarpadi Jeeva,4,8,
R45,Chennai Central to Avadi,West Line,4,Perambur,3,11,
R45,Chennai Central to Avadi,West Line,5,Perambur Carriage Works,3,14,
R45,Chennai Central to Avadi,West Line,6,Perambur Loco Works,3,17,
R45,Chennai Central to Avadi,West Line,7,Villivakkam,4,21,
R45,Chennai Central to Avadi,West Line,8,Korattur,5,26,
R45,Chennai Central to Avadi,West Line,9,Pattaravakkam,4,30,
R45,Chennai Central to Avadi,West Line,10,Ambattur,4,34,
R45,Chennai Central to Avadi,West Line,11,Tirumullaivoyal,4,38,
R45,Chennai Central to Avadi,West Line,12,Annanur,3,41,
R45,Chennai Central to Avadi,West Line,13,Avadi,4,45,Interchange/major terminal
R46,Avadi to Chennai Central,West Line,1,Avadi,0,0,Interchange/major terminal
R46,Avadi to Chennai Central,West Line,2,Annanur,4,4,
R46,Avadi to Chennai Central,West Line,3,Tirumullaivoyal,3,7,
R46,Avadi to Chennai Central,West Line,4,Ambattur,4,11,
R46,Avadi to Chennai Central,West Line,5,Pattaravakkam,4,15,
R46,Avadi to Chennai Central,West Line,6,Korattur,4,19,
R46,Avadi to Chennai Central,West Line,7,Villivakkam,5,24,
R46,Avadi to Chennai Central,West Line,8,Perambur Loco Works,4,28,
R46,Avadi to Chennai Central,West Line,9,Perambur Carriage Works,3,31,
R46,Avadi to Chennai Central,West Line,10,Perambur,3,34,
R46,Avadi to Chennai Central,West Line,11,Vyasarpadi Jeeva,3,37,
R46,Avadi to Chennai Central,West Line,12,Basin Bridge,4,41,
R46,Avadi to Chennai Central,West Line,13,Chennai Central,4,45,Interchange/major terminal
R47,Chennai Central to Tiruvallur,West Line,1,Chennai Central,0,0,Interchange/major terminal
R47,Chennai Central to Tiruvallur,West Line,2,Basin Bridge,4,4,
R47,Chennai Central to Tiruvallur,West Line,3,Vyasarpadi Jeeva,4,8,
R47,Chennai Central to Tiruvallur,West Line,4,Perambur,3,11,
R47,Chennai Central to Tiruvallur,West Line,5,Perambur Carriage Works,3,14,
R47,Chennai Central to Tiruvallur,West Line,6,Perambur Loco Works,3,17,
R47,Chennai Central to Tiruvallur,West Line,7,Villivakkam,4,21,
R47,Chennai Central to Tiruvallur,West Line,8,Korattur,5,26,
R47,Chennai Central to Tiruvallur,West Line,9,Pattaravakkam,4,30,
R47,Chennai Central to Tiruvallur,West Line,10,Ambattur,4,34,
R47,Chennai Central to Tiruvallur,West Line,11,Tirumullaivoyal,4,38,
R47,Chennai Central to Tiruvallur,West Line,12,Annanur,3,41,
R47,Chennai Central to Tiruvallur,West Line,13,Avadi,4,45,Interchange/major terminal
R47,Chennai Central to Tiruvallur,West Line,14,Hindu College,4,49,
R47,Chennai Central to Tiruvallur,West Line,15,Pattabiram,4,53,
R47,Chennai Central to Tiruvallur,West Line,16,Nemilichery,4,57,
R47,Chennai Central to Tiruvallur,West Line,17,Tiruninravur,5,62,
R47,Chennai Central to Tiruvallur,West Line,18,Veppampattu,5,67,
R47,Chennai Central to Tiruvallur,West Line,19,Sevvapet Road,5,72,
R47,Chennai Central to Tiruvallur,West Line,20,Putlur,4,76,
R47,Chennai Central to Tiruvallur,West Line,21,Tiruvallur,5,81,
R48,Tiruvallur to Chennai Central,West Line,1,Tiruvallur,0,0,
R48,Tiruvallur to Chennai Central,West Line,2,Putlur,5,5,
R48,Tiruvallur to Chennai Central,West Line,3,Sevvapet Road,4,9,
R48,Tiruvallur to Chennai Central,West Line,4,Veppampattu,5,14,
R48,Tiruvallur to Chennai Central,West Line,5,Tiruninravur,5,19,
R48,Tiruvallur to Chennai Central,West Line,6,Nemilichery,5,24,
R48,Tiruvallur to Chennai Central,West Line,7,Pattabiram,4,28,
R48,Tiruvallur to Chennai Central,West Line,8,Hindu College,4,32,
R48,Tiruvallur to Chennai Central,West Line,9,Avadi,4,36,Interchange/major terminal
R48,Tiruvallur to Chennai Central,West Line,10,Annanur,4,40,
R48,Tiruvallur to Chennai Central,West Line,11,Tirumullaivoyal,3,43,
R48,Tiruvallur to Chennai Central,West Line,12,Ambattur,4,47,
R48,Tiruvallur to Chennai Central,West Line,13,Pattaravakkam,4,51,
R48,Tiruvallur to Chennai Central,West Line,14,Korattur,4,55,
R48,Tiruvallur to Chennai Central,West Line,15,Villivakkam,5,60,
R48,Tiruvallur to Chennai Central,West Line,16,Perambur Loco Works,4,64,
R48,Tiruvallur to Chennai Central,West Line,17,Perambur Carriage Works,3,67,
R48,Tiruvallur to Chennai Central,West Line,18,Perambur,3,70,
R48,Tiruvallur to Chennai Central,West Line,19,Vyasarpadi Jeeva,3,73,
R48,Tiruvallur to Chennai Central,West Line,20,Basin Bridge,4,77,
R48,Tiruvallur to Chennai Central,West Line,21,Chennai Central,4,81,Interchange/major terminal
R49,Chennai Beach to Ponneri,North Line,1,Chennai Beach,0,0,Interchange/major terminal
R49,Chennai Beach to Ponneri,North Line,2,Royapuram,4,4,
R49,Chennai Beach to Ponneri,North Line,3,Washermanpet,4,8,
R49,Chennai Beach to Ponneri,North Line,4,Korukkupet,5,13,
R49,Chennai Beach to Ponneri,North Line,5,Tondiarpet,4,17,
R49,Chennai Beach to Ponneri,North Line,6,V.O.C. Nagar,3,20,
R49,Chennai Beach to Ponneri,North Line,7,Tiruvottiyur,5,25,
R49,Chennai Beach to Ponneri,North Line,8,Wimco Nagar,4,29,
R49,Chennai Beach to Ponneri,North Line,9,Kathivakkam,4,33,
R49,Chennai Beach to Ponneri,North Line,10,Ennore,5,38,
R49,Chennai Beach to Ponneri,North Line,11,Athipattu Pudhunagar,5,43,
R49,Chennai Beach to Ponneri,North Line,12,Athipattu,4,47,
R49,Chennai Beach to Ponneri,North Line,13,Nandiambakkam,4,51,
R49,Chennai Beach to Ponneri,North Line,14,Minjur,5,56,
R49,Chennai Beach to Ponneri,North Line,15,Anuppampattu,5,61,
R49,Chennai Beach to Ponneri,North Line,16,Ponneri,6,67,Interchange/major terminal
R50,Ponneri to Chennai Beach,North Line,1,Ponneri,0,0,Interchange/major terminal
R50,Ponneri to Chennai Beach,North Line,2,Anuppampattu,6,6,
R50,Ponneri to Chennai Beach,North Line,3,Minjur,5,11,
R50,Ponneri to Chennai Beach,North Line,4,Nandiambakkam,5,16,
R50,Ponneri to Chennai Beach,North Line,5,Athipattu,4,20,
R50,Ponneri to Chennai Beach,North Line,6,Athipattu Pudhunagar,4,24,
R50,Ponneri to Chennai Beach,North Line,7,Ennore,5,29,
R50,Ponneri to Chennai Beach,North Line,8,Kathivakkam,5,34,
R50,Ponneri to Chennai Beach,North Line,9,Wimco Nagar,4,38,
R50,Ponneri to Chennai Beach,North Line,10,Tiruvottiyur,4,42,
R50,Ponneri to Chennai Beach,North Line,11,V.O.C. Nagar,5,47,
R50,Ponneri to Chennai Beach,North Line,12,Tondiarpet,3,50,
R50,Ponneri to Chennai Beach,North Line,13,Korukkupet,4,54,
R50,Ponneri to Chennai Beach,North Line,14,Washermanpet,5,59,
R50,Ponneri to Chennai Beach,North Line,15,Royapuram,4,63,
R50,Ponneri to Chennai Beach,North Line,16,Chennai Beach,4,67,Interchange/major terminal
